Sample,scg,tel,eff.scg,eff.tel,plate,ref.tel,ref.scg
24.1,21.036,13.972,1.843,1.906,2,11.724,17.977
24.1,21.036,13.972,1.843,1.906,2,11.724,17.977
24.1,21.036,13.972,1.843,1.906,2,11.724,17.977
24.10,22.36,17.317,1.843,1.906,2,11.724,17.977
24.10,22.36,17.317,1.843,1.906,2,11.724,17.977
24.10,22.36,17.317,1.843,1.906,2,11.724,17.977
24.13,27.83,18.964,1.843,1.906,2,11.724,17.977
24.13,27.83,18.964,1.843,1.906,2,11.724,17.977
24.13,27.83,18.964,1.843,1.906,2,11.724,17.977
24.2,22.379,17.23,1.843,1.906,2,11.724,17.977
24.2,22.379,17.23,1.843,1.906,2,11.724,17.977
24.2,22.379,17.23,1.843,1.906,2,11.724,17.977
24.3,19.222,12.229,1.843,1.906,2,11.724,17.977
24.3,19.222,12.229,1.843,1.906,2,11.724,17.977
24.3,19.222,12.229,1.843,1.906,2,11.724,17.977
24.6,21.925,16.897,1.843,1.906,2,11.724,17.977
24.6,21.925,16.897,1.843,1.906,2,11.724,17.977
24.6,21.925,16.897,1.843,1.906,2,11.724,17.977
41.14,18.8,10.005,1.843,1.906,2,11.724,17.977
41.14,18.8,10.005,1.843,1.906,2,11.724,17.977
41.14,18.8,10.005,1.843,1.906,2,11.724,17.977
41.141,17.964,11.958,1.843,1.906,2,11.724,17.977
41.141,17.964,11.958,1.843,1.906,2,11.724,17.977
41.141,17.964,11.958,1.843,1.906,2,11.724,17.977
41.142,17.472,8.862,1.843,1.906,2,11.724,17.977
41.142,17.472,8.862,1.843,1.906,2,11.724,17.977
41.142,17.472,8.862,1.843,1.906,2,11.724,17.977
41.143,17.322,9.534,1.843,1.906,2,11.724,17.977
41.143,17.322,9.534,1.843,1.906,2,11.724,17.977
41.143,17.322,9.534,1.843,1.906,2,11.724,17.977
41.144,15.663,11.688,1.843,1.906,2,11.724,17.977
41.144,15.663,11.688,1.843,1.906,2,11.724,17.977
41.144,15.663,11.688,1.843,1.906,2,11.724,17.977
41.146,17.428,12.172,1.843,1.906,2,11.724,17.977
41.146,17.428,12.172,1.843,1.906,2,11.724,17.977
41.146,17.428,12.172,1.843,1.906,2,11.724,17.977
18.CR1,18.434,13.285,1.843,1.906,2,11.724,17.977
18.CR1,18.434,13.285,1.843,1.906,2,11.724,17.977
18.CR1,18.434,13.285,1.843,1.906,2,11.724,17.977
18.CR12,18.612,13.154,1.843,1.906,2,11.724,17.977
18.CR12,18.612,13.154,1.843,1.906,2,11.724,17.977
18.CR12,18.612,13.154,1.843,1.906,2,11.724,17.977
18.CR2,19.768,14.295,1.843,1.906,2,11.724,17.977
18.CR2,19.768,14.295,1.843,1.906,2,11.724,17.977
18.CR2,19.768,14.295,1.843,1.906,2,11.724,17.977
18.CR4,19.329,14.088,1.843,1.906,2,11.724,17.977
18.CR4,19.329,14.088,1.843,1.906,2,11.724,17.977
18.CR4,19.329,14.088,1.843,1.906,2,11.724,17.977
18.CR5,18.545,12.613,1.843,1.906,2,11.724,17.977
18.CR5,18.545,12.613,1.843,1.906,2,11.724,17.977
18.CR5,18.545,12.613,1.843,1.906,2,11.724,17.977
21.CR1,19.043,10.477,1.843,1.906,2,11.724,17.977
21.CR1,19.043,10.477,1.843,1.906,2,11.724,17.977
21.CR1,19.043,10.477,1.843,1.906,2,11.724,17.977
21.CR2,21.675,14.023,1.843,1.906,2,11.724,17.977
21.CR2,21.675,14.023,1.843,1.906,2,11.724,17.977
21.CR2,21.675,14.023,1.843,1.906,2,11.724,17.977
21.CR3,19.104,10.435,1.843,1.906,2,11.724,17.977
21.CR3,19.104,10.435,1.843,1.906,2,11.724,17.977
21.CR3,19.104,10.435,1.843,1.906,2,11.724,17.977
21.CR5,17.981,10.869,1.843,1.906,2,11.724,17.977
21.CR5,17.981,10.869,1.843,1.906,2,11.724,17.977
21.CR5,17.981,10.869,1.843,1.906,2,11.724,17.977
21.CR6,18.66,10.915,1.843,1.906,2,11.724,17.977
21.CR6,18.66,10.915,1.843,1.906,2,11.724,17.977
21.CR6,18.66,10.915,1.843,1.906,2,11.724,17.977
21.CR7,19.09,11.256,1.843,1.906,2,11.724,17.977
21.CR7,19.09,11.256,1.843,1.906,2,11.724,17.977
21.CR7,19.09,11.256,1.843,1.906,2,11.724,17.977
21.RQ1,19.347,12.021,1.839,1.907,3,11.226,17.531
21.RQ1,19.347,12.021,1.839,1.907,3,11.226,17.531
21.RQ1,19.347,12.021,1.839,1.907,3,11.226,17.531
21.RQ2,20.114,13.084,1.839,1.907,3,11.226,17.531
21.RQ2,20.114,13.084,1.839,1.907,3,11.226,17.531
21.RQ2,20.114,13.084,1.839,1.907,3,11.226,17.531
21.RQ3,18.002,12.88,1.839,1.907,3,11.226,17.531
21.RQ3,18.002,12.88,1.839,1.907,3,11.226,17.531
21.RQ3,18.002,12.88,1.839,1.907,3,11.226,17.531
21.RQ4,18.713,13.66,1.839,1.907,3,11.226,17.531
21.RQ4,18.713,13.66,1.839,1.907,3,11.226,17.531
21.RQ4,18.713,13.66,1.839,1.907,3,11.226,17.531
21.RQ5,19.966,12.039,1.839,1.907,3,11.226,17.531
21.RQ5,19.966,12.039,1.839,1.907,3,11.226,17.531
21.RQ5,19.966,12.039,1.839,1.907,3,11.226,17.531
21.RQ6,21.674,16.073,1.839,1.907,3,11.226,17.531
21.RQ6,21.674,16.073,1.839,1.907,3,11.226,17.531
21.RQ6,21.674,16.073,1.839,1.907,3,11.226,17.531
BT1,18.586,10.703,1.847,1.848,1,8.581,17.333
BT1,18.586,10.703,1.847,1.848,1,8.581,17.333
BT1,18.586,10.703,1.847,1.848,1,8.581,17.333
BT10,17.669,17.495,1.847,1.848,1,8.581,17.333
BT10,17.669,17.495,1.847,1.848,1,8.581,17.333
BT10,17.669,17.495,1.847,1.848,1,8.581,17.333
BT14.12,17.704,13.272,1.839,1.907,3,11.226,17.531
BT14.12,17.704,13.272,1.839,1.907,3,11.226,17.531
BT14.12,17.704,13.272,1.839,1.907,3,11.226,17.531
BT14.13,17.411,12.531,1.839,1.907,3,11.226,17.531
BT14.13,17.411,12.531,1.839,1.907,3,11.226,17.531
BT14.13,17.411,12.531,1.839,1.907,3,11.226,17.531
BT14.14,16.314,11.933,1.839,1.907,3,11.226,17.531
BT14.14,16.314,11.933,1.839,1.907,3,11.226,17.531
BT14.14,16.314,11.933,1.839,1.907,3,11.226,17.531
BT14.15,17.327,12.774,1.839,1.907,3,11.226,17.531
BT14.15,17.327,12.774,1.839,1.907,3,11.226,17.531
BT14.15,17.327,12.774,1.839,1.907,3,11.226,17.531
BT14.16,15.674,11.266,1.839,1.907,3,11.226,17.531
BT14.16,15.674,11.266,1.839,1.907,3,11.226,17.531
BT14.16,15.674,11.266,1.839,1.907,3,11.226,17.531
BT14.3,16.887,10.232,1.839,1.907,3,11.226,17.531
BT14.3,16.887,10.232,1.839,1.907,3,11.226,17.531
BT14.3,16.887,10.232,1.839,1.907,3,11.226,17.531
BT16.3,31.1,18.413,1.839,1.907,3,11.226,17.531
BT16.3,31.1,18.413,1.839,1.907,3,11.226,17.531
BT16.3,31.1,18.413,1.839,1.907,3,11.226,17.531
BT2,19.161,10.351,1.847,1.848,1,8.581,17.333
BT2,19.161,10.351,1.847,1.848,1,8.581,17.333
BT2,19.161,10.351,1.847,1.848,1,8.581,17.333
BT3,17.544,7.238,1.847,1.848,1,8.581,17.333
BT3,17.544,7.238,1.847,1.848,1,8.581,17.333
BT3,17.544,7.238,1.847,1.848,1,8.581,17.333
BT4,17.496,6.473,1.847,1.848,1,8.581,17.333
BT4,17.496,6.473,1.847,1.848,1,8.581,17.333
BT4,17.496,6.473,1.847,1.848,1,8.581,17.333
BT41.172,18.247,11.807,1.839,1.907,3,11.226,17.531
BT41.172,18.247,11.807,1.839,1.907,3,11.226,17.531
BT41.172,18.247,11.807,1.839,1.907,3,11.226,17.531
BT42.154,18.133,13.402,1.839,1.907,3,11.226,17.531
BT42.154,18.133,13.402,1.839,1.907,3,11.226,17.531
BT42.154,18.133,13.402,1.839,1.907,3,11.226,17.531
BT42.155,17.286,10.699,1.839,1.907,3,11.226,17.531
BT42.155,17.286,10.699,1.839,1.907,3,11.226,17.531
BT42.155,17.286,10.699,1.839,1.907,3,11.226,17.531
BT42.159,17.734,8.152,1.839,1.907,3,11.226,17.531
BT42.159,17.734,8.152,1.839,1.907,3,11.226,17.531
BT42.159,17.734,8.152,1.839,1.907,3,11.226,17.531
BT42.161,17.852,12.054,1.839,1.907,3,11.226,17.531
BT42.161,17.852,12.054,1.839,1.907,3,11.226,17.531
BT42.161,17.852,12.054,1.839,1.907,3,11.226,17.531
BT42.170,16.568,8.299,1.839,1.907,3,11.226,17.531
BT42.170,16.568,8.299,1.839,1.907,3,11.226,17.531
BT42.170,16.568,8.299,1.839,1.907,3,11.226,17.531
BT5,18.723,9.475,1.847,1.848,1,8.581,17.333
BT5,18.723,9.475,1.847,1.848,1,8.581,17.333
BT5,18.723,9.475,1.847,1.848,1,8.581,17.333
BT6,20.532,9.592,1.847,1.848,1,8.581,17.333
BT6,20.532,9.592,1.847,1.848,1,8.581,17.333
BT6,20.532,9.592,1.847,1.848,1,8.581,17.333
BT7,18.563,24.237,1.847,1.848,1,8.581,17.333
BT7,18.563,24.237,1.847,1.848,1,8.581,17.333
BT7,18.563,24.237,1.847,1.848,1,8.581,17.333
BT8,18.301,7.772,1.847,1.848,1,8.581,17.333
BT8,18.301,7.772,1.847,1.848,1,8.581,17.333
BT8,18.301,7.772,1.847,1.848,1,8.581,17.333
BT9,16.849,9.47,1.847,1.848,1,8.581,17.333
BT9,16.849,9.47,1.847,1.848,1,8.581,17.333
BT9,16.849,9.47,1.847,1.848,1,8.581,17.333
CT10,19.832,8.692,1.847,1.848,1,8.581,17.333
CT10,19.832,8.692,1.847,1.848,1,8.581,17.333
CT10,19.832,8.692,1.847,1.848,1,8.581,17.333
CT10.10,16.847,12.177,1.839,1.907,3,11.226,17.531
CT10.10,16.847,12.177,1.839,1.907,3,11.226,17.531
CT10.10,16.847,12.177,1.839,1.907,3,11.226,17.531
CT10.11,18.861,12.973,1.839,1.907,3,11.226,17.531
CT10.11,18.861,12.973,1.839,1.907,3,11.226,17.531
CT10.11,18.861,12.973,1.839,1.907,3,11.226,17.531
CT10.12,17.903,12.755,1.839,1.907,3,11.226,17.531
CT10.12,17.903,12.755,1.839,1.907,3,11.226,17.531
CT10.12,17.903,12.755,1.839,1.907,3,11.226,17.531
CT10.13,18.089,12.558,1.839,1.907,3,11.226,17.531
CT10.13,18.089,12.558,1.839,1.907,3,11.226,17.531
CT10.13,18.089,12.558,1.839,1.907,3,11.226,17.531
CT10.14,16.615,10.32,1.839,1.907,3,11.226,17.531
CT10.14,16.615,10.32,1.839,1.907,3,11.226,17.531
CT10.14,16.615,10.32,1.839,1.907,3,11.226,17.531
CT10.15,15.688,11.726,1.839,1.907,3,11.226,17.531
CT10.15,15.688,11.726,1.839,1.907,3,11.226,17.531
CT10.15,15.688,11.726,1.839,1.907,3,11.226,17.531
22.CT2,19.187,8.054,1.847,1.848,1,8.581,17.333
22.CT2,19.187,8.054,1.847,1.848,1,8.581,17.333
22.CT2,19.187,8.054,1.847,1.848,1,8.581,17.333
CT2,20.204,11.465,1.839,1.907,3,11.226,17.531
CT2,20.204,11.465,1.839,1.907,3,11.226,17.531
CT2,20.204,11.465,1.839,1.907,3,11.226,17.531
22.CT3,17.122,8.908,1.847,1.848,1,8.581,17.333
22.CT3,17.122,8.908,1.847,1.848,1,8.581,17.333
22.CT3,17.122,8.908,1.847,1.848,1,8.581,17.333
CT3,20.209,11.863,1.839,1.907,3,11.226,17.531
CT3,20.209,11.863,1.839,1.907,3,11.226,17.531
CT3,20.209,11.863,1.839,1.907,3,11.226,17.531
22.CT4,18.925,7.446,1.847,1.848,1,8.581,17.333
22.CT4,18.925,7.446,1.847,1.848,1,8.581,17.333
22.CT4,18.925,7.446,1.847,1.848,1,8.581,17.333
CT4,17.042,13.099,1.839,1.907,3,11.226,17.531
CT4,17.042,13.099,1.839,1.907,3,11.226,17.531
CT4,17.042,13.099,1.839,1.907,3,11.226,17.531
22.CT5,16.862,8.534,1.847,1.848,1,8.581,17.333
22.CT5,16.862,8.534,1.847,1.848,1,8.581,17.333
22.CT5,16.862,8.534,1.847,1.848,1,8.581,17.333
CT5,18.317,10.098,1.839,1.907,3,11.226,17.531
CT5,18.317,10.098,1.839,1.907,3,11.226,17.531
CT5,18.317,10.098,1.839,1.907,3,11.226,17.531
22.CT6,19.32,7.887,1.847,1.848,1,8.581,17.333
22.CT6,19.32,7.887,1.847,1.848,1,8.581,17.333
22.CT6,19.32,7.887,1.847,1.848,1,8.581,17.333
CT6,18.758,14.024,1.839,1.907,3,11.226,17.531
CT6,18.758,14.024,1.839,1.907,3,11.226,17.531
CT6,18.758,14.024,1.839,1.907,3,11.226,17.531
22.CT7,18.195,7.888,1.847,1.848,1,8.581,17.333
22.CT7,18.195,7.888,1.847,1.848,1,8.581,17.333
22.CT7,18.195,7.888,1.847,1.848,1,8.581,17.333
CT7,19.82,12.008,1.839,1.907,3,11.226,17.531
CT7,19.82,12.008,1.839,1.907,3,11.226,17.531
CT7,19.82,12.008,1.839,1.907,3,11.226,17.531
22.CT8,17.763,9.298,1.847,1.848,1,8.581,17.333
22.CT8,17.763,9.298,1.847,1.848,1,8.581,17.333
22.CT8,17.763,9.298,1.847,1.848,1,8.581,17.333
22.CT9,19.567,12.048,1.847,1.848,1,8.581,17.333
22.CT9,19.567,12.048,1.847,1.848,1,8.581,17.333
22.CT9,19.567,12.048,1.847,1.848,1,8.581,17.333
EM12.13,18.536,13.201,1.843,1.906,2,11.724,17.977
EM12.13,18.536,13.201,1.843,1.906,2,11.724,17.977
EM12.13,18.536,13.201,1.843,1.906,2,11.724,17.977
EM12.14,15.891,11.06,1.843,1.906,2,11.724,17.977
EM12.14,15.891,11.06,1.843,1.906,2,11.724,17.977
EM12.14,15.891,11.06,1.843,1.906,2,11.724,17.977
EM12.15,16.232,11.867,1.843,1.906,2,11.724,17.977
EM12.15,16.232,11.867,1.843,1.906,2,11.724,17.977
EM12.15,16.232,11.867,1.843,1.906,2,11.724,17.977
EM12.16,17.031,12.137,1.843,1.906,2,11.724,17.977
EM12.16,17.031,12.137,1.843,1.906,2,11.724,17.977
EM12.16,17.031,12.137,1.843,1.906,2,11.724,17.977
EM12.7,16.525,10.003,1.843,1.906,2,11.724,17.977
EM12.7,16.525,10.003,1.843,1.906,2,11.724,17.977
EM12.7,16.525,10.003,1.843,1.906,2,11.724,17.977
EM12.8,19.112,11.25,1.843,1.906,2,11.724,17.977
EM12.8,19.112,11.25,1.843,1.906,2,11.724,17.977
EM12.8,19.112,11.25,1.843,1.906,2,11.724,17.977
EM39.101,19.619,12.431,1.843,1.906,2,11.724,17.977
EM39.101,19.619,12.431,1.843,1.906,2,11.724,17.977
EM39.101,19.619,12.431,1.843,1.906,2,11.724,17.977
EM39.102,17.665,14.069,1.843,1.906,2,11.724,17.977
EM39.102,17.665,14.069,1.843,1.906,2,11.724,17.977
EM39.102,17.665,14.069,1.843,1.906,2,11.724,17.977
EM39.103,18.572,15.202,1.843,1.906,2,11.724,17.977
EM39.103,18.572,15.202,1.843,1.906,2,11.724,17.977
EM39.103,18.572,15.202,1.843,1.906,2,11.724,17.977
EM39.104,17.78,13.34,1.843,1.906,2,11.724,17.977
EM39.104,17.78,13.34,1.843,1.906,2,11.724,17.977
EM39.104,17.78,13.34,1.843,1.906,2,11.724,17.977
EM39.105,17.439,13.975,1.843,1.906,2,11.724,17.977
EM39.105,17.439,13.975,1.843,1.906,2,11.724,17.977
EM39.105,17.439,13.975,1.843,1.906,2,11.724,17.977
EM39.106,17.921,14.069,1.843,1.906,2,11.724,17.977
EM39.106,17.921,14.069,1.843,1.906,2,11.724,17.977
EM39.106,17.921,14.069,1.843,1.906,2,11.724,17.977
EP50.370,16.402,10.096,1.839,1.907,3,11.226,17.531
EP50.370,16.402,10.096,1.839,1.907,3,11.226,17.531
EP50.370,16.402,10.096,1.839,1.907,3,11.226,17.531
EP50.371,16.187,10.284,1.839,1.907,3,11.226,17.531
EP50.371,16.187,10.284,1.839,1.907,3,11.226,17.531
EP50.371,16.187,10.284,1.839,1.907,3,11.226,17.531
EP50.372,17.18,11.13,1.839,1.907,3,11.226,17.531
EP50.372,17.18,11.13,1.839,1.907,3,11.226,17.531
EP50.372,17.18,11.13,1.839,1.907,3,11.226,17.531
EP50.373,16.701,12.462,1.839,1.907,3,11.226,17.531
EP50.373,16.701,12.462,1.839,1.907,3,11.226,17.531
EP50.373,16.701,12.462,1.839,1.907,3,11.226,17.531
EP50.374,18.225,11.912,1.839,1.907,3,11.226,17.531
EP50.374,18.225,11.912,1.839,1.907,3,11.226,17.531
EP50.374,18.225,11.912,1.839,1.907,3,11.226,17.531
EP50.375,16.617,10.651,1.839,1.907,3,11.226,17.531
EP50.375,16.617,10.651,1.839,1.907,3,11.226,17.531
EP50.375,16.617,10.651,1.839,1.907,3,11.226,17.531
EP6.35,18.74,13.745,1.843,1.906,2,11.724,17.977
EP6.35,18.74,13.745,1.843,1.906,2,11.724,17.977
EP6.35,18.74,13.745,1.843,1.906,2,11.724,17.977
EP6.77,19.883,13.235,1.843,1.906,2,11.724,17.977
EP6.77,19.883,13.235,1.843,1.906,2,11.724,17.977
EP6.77,19.883,13.235,1.843,1.906,2,11.724,17.977
EP6.78,26.286,18.12,1.843,1.906,2,11.724,17.977
EP6.78,26.286,18.12,1.843,1.906,2,11.724,17.977
EP6.78,26.286,18.12,1.843,1.906,2,11.724,17.977
EP6.79,25.066,17.354,1.843,1.906,2,11.724,17.977
EP6.79,25.066,17.354,1.843,1.906,2,11.724,17.977
EP6.79,25.066,17.354,1.843,1.906,2,11.724,17.977
EP6.80,21.82,14.723,1.843,1.906,2,11.724,17.977
EP6.80,21.82,14.723,1.843,1.906,2,11.724,17.977
EP6.80,21.82,14.723,1.843,1.906,2,11.724,17.977
G1,19.33,8.316,1.847,1.848,1,8.581,17.333
G1,19.33,8.316,1.847,1.848,1,8.581,17.333
G1,19.33,8.316,1.847,1.848,1,8.581,17.333
G10,18.252,7.066,1.847,1.848,1,8.581,17.333
G10,18.252,7.066,1.847,1.848,1,8.581,17.333
G10,18.252,7.066,1.847,1.848,1,8.581,17.333
G11,18.95,8.208,1.847,1.848,1,8.581,17.333
G11,18.95,8.208,1.847,1.848,1,8.581,17.333
G11,18.95,8.208,1.847,1.848,1,8.581,17.333
G2,20.96,12.665,1.847,1.848,1,8.581,17.333
G2,20.96,12.665,1.847,1.848,1,8.581,17.333
G2,20.96,12.665,1.847,1.848,1,8.581,17.333
G4,18.227,9.84,1.847,1.848,1,8.581,17.333
G4,18.227,9.84,1.847,1.848,1,8.581,17.333
G4,18.227,9.84,1.847,1.848,1,8.581,17.333
G5,20.145,8.882,1.847,1.848,1,8.581,17.333
G5,20.145,8.882,1.847,1.848,1,8.581,17.333
G5,20.145,8.882,1.847,1.848,1,8.581,17.333
G6,19.869,11.029,1.847,1.848,1,8.581,17.333
G6,19.869,11.029,1.847,1.848,1,8.581,17.333
G6,19.869,11.029,1.847,1.848,1,8.581,17.333
G7,17.313,7.805,1.847,1.848,1,8.581,17.333
G7,17.313,7.805,1.847,1.848,1,8.581,17.333
G7,17.313,7.805,1.847,1.848,1,8.581,17.333
G8,18.025,9.992,1.847,1.848,1,8.581,17.333
G8,18.025,9.992,1.847,1.848,1,8.581,17.333
G8,18.025,9.992,1.847,1.848,1,8.581,17.333
G9,18.371,9.896,1.847,1.848,1,8.581,17.333
G9,18.371,9.896,1.847,1.848,1,8.581,17.333
G9,18.371,9.896,1.847,1.848,1,8.581,17.333
GR11.1,18.272,10.449,1.843,1.906,2,11.724,17.977
GR11.1,18.272,10.449,1.843,1.906,2,11.724,17.977
GR11.1,18.272,10.449,1.843,1.906,2,11.724,17.977
GR11.2,24.871,17.865,1.843,1.906,2,11.724,17.977
GR11.2,24.871,17.865,1.843,1.906,2,11.724,17.977
GR11.2,24.871,17.865,1.843,1.906,2,11.724,17.977
GR11.3,17.636,10.706,1.843,1.906,2,11.724,17.977
GR11.3,17.636,10.706,1.843,1.906,2,11.724,17.977
GR11.3,17.636,10.706,1.843,1.906,2,11.724,17.977
GR11.4,18.517,11.644,1.843,1.906,2,11.724,17.977
GR11.4,18.517,11.644,1.843,1.906,2,11.724,17.977
GR11.4,18.517,11.644,1.843,1.906,2,11.724,17.977
GR11.5,16.575,12.244,1.843,1.906,2,11.724,17.977
GR11.5,16.575,12.244,1.843,1.906,2,11.724,17.977
GR11.5,16.575,12.244,1.843,1.906,2,11.724,17.977
GR11.6,18.474,11.851,1.843,1.906,2,11.724,17.977
GR11.6,18.474,11.851,1.843,1.906,2,11.724,17.977
GR11.6,18.474,11.851,1.843,1.906,2,11.724,17.977
GR40.121,16.096,12.633,1.843,1.906,2,11.724,17.977
GR40.121,16.096,12.633,1.843,1.906,2,11.724,17.977
GR40.121,16.096,12.633,1.843,1.906,2,11.724,17.977
GR40.122,18.461,14.52,1.843,1.906,2,11.724,17.977
GR40.122,18.461,14.52,1.843,1.906,2,11.724,17.977
GR40.122,18.461,14.52,1.843,1.906,2,11.724,17.977
GR40.123,17.856,11.45,1.843,1.906,2,11.724,17.977
GR40.123,17.856,11.45,1.843,1.906,2,11.724,17.977
GR40.123,17.856,11.45,1.843,1.906,2,11.724,17.977
GR40.124,18.153,14.51,1.843,1.906,2,11.724,17.977
GR40.124,18.153,14.51,1.843,1.906,2,11.724,17.977
GR40.124,18.153,14.51,1.843,1.906,2,11.724,17.977
GR40.125,17.677,12.78,1.843,1.906,2,11.724,17.977
GR40.125,17.677,12.78,1.843,1.906,2,11.724,17.977
GR40.125,17.677,12.78,1.843,1.906,2,11.724,17.977
GR40.126,18.005,13.444,1.843,1.906,2,11.724,17.977
GR40.126,18.005,13.444,1.843,1.906,2,11.724,17.977
GR40.126,18.005,13.444,1.843,1.906,2,11.724,17.977
IO29.1,14.865,11.807,1.839,1.907,3,11.226,17.531
IO29.1,14.865,11.807,1.839,1.907,3,11.226,17.531
IO29.1,14.865,11.807,1.839,1.907,3,11.226,17.531
IO29.11,16.618,11.981,1.839,1.907,3,11.226,17.531
IO29.11,16.618,11.981,1.839,1.907,3,11.226,17.531
IO29.11,16.618,11.981,1.839,1.907,3,11.226,17.531
IO29.2,15.913,11.64,1.839,1.907,3,11.226,17.531
IO29.2,15.913,11.64,1.839,1.907,3,11.226,17.531
IO29.2,15.913,11.64,1.839,1.907,3,11.226,17.531
IO29.3,16.78,10.903,1.839,1.907,3,11.226,17.531
IO29.3,16.78,10.903,1.839,1.907,3,11.226,17.531
IO29.3,16.78,10.903,1.839,1.907,3,11.226,17.531
IO29.5,16.604,12.252,1.839,1.907,3,11.226,17.531
IO29.5,16.604,12.252,1.839,1.907,3,11.226,17.531
IO29.5,16.604,12.252,1.839,1.907,3,11.226,17.531
IO29.9,17.179,12.371,1.839,1.907,3,11.226,17.531
IO29.9,17.179,12.371,1.839,1.907,3,11.226,17.531
IO29.9,17.179,12.371,1.839,1.907,3,11.226,17.531
IO43.74,18.256,10.174,1.839,1.907,3,11.226,17.531
IO43.74,18.256,10.174,1.839,1.907,3,11.226,17.531
IO43.74,18.256,10.174,1.839,1.907,3,11.226,17.531
IO43.75,16.589,11.1,1.839,1.907,3,11.226,17.531
IO43.75,16.589,11.1,1.839,1.907,3,11.226,17.531
IO43.75,16.589,11.1,1.839,1.907,3,11.226,17.531
IO43.86,18.212,8.702,1.839,1.907,3,11.226,17.531
IO43.86,18.212,8.702,1.839,1.907,3,11.226,17.531
IO43.86,18.212,8.702,1.839,1.907,3,11.226,17.531
IO43.87,18.124,10.847,1.839,1.907,3,11.226,17.531
IO43.87,18.124,10.847,1.839,1.907,3,11.226,17.531
IO43.87,18.124,10.847,1.839,1.907,3,11.226,17.531
IO43.92,17.457,10.29,1.839,1.907,3,11.226,17.531
IO43.92,17.457,10.29,1.839,1.907,3,11.226,17.531
IO43.92,17.457,10.29,1.839,1.907,3,11.226,17.531
IO43.93,18.458,12.962,1.839,1.907,3,11.226,17.531
IO43.93,18.458,12.962,1.839,1.907,3,11.226,17.531
IO43.93,18.458,12.962,1.839,1.907,3,11.226,17.531
LG1,19.09,10.389,1.847,1.848,1,8.581,17.333
LG1,19.09,10.389,1.847,1.848,1,8.581,17.333
LG1,19.09,10.389,1.847,1.848,1,8.581,17.333
LG10,18.522,8.197,1.847,1.848,1,8.581,17.333
LG10,18.522,8.197,1.847,1.848,1,8.581,17.333
LG10,18.522,8.197,1.847,1.848,1,8.581,17.333
LG13,18.983,7.862,1.847,1.848,1,8.581,17.333
LG13,18.983,7.862,1.847,1.848,1,8.581,17.333
LG13,18.983,7.862,1.847,1.848,1,8.581,17.333
LG15,17.63,9.016,1.847,1.848,1,8.581,17.333
LG15,17.63,9.016,1.847,1.848,1,8.581,17.333
LG15,17.63,9.016,1.847,1.848,1,8.581,17.333
LG15.13,17.951,10.74,1.839,1.907,3,11.226,17.531
LG15.13,17.951,10.74,1.839,1.907,3,11.226,17.531
LG15.13,17.951,10.74,1.839,1.907,3,11.226,17.531
LG15.14,17.476,12.545,1.839,1.907,3,11.226,17.531
LG15.14,17.476,12.545,1.839,1.907,3,11.226,17.531
LG15.14,17.476,12.545,1.839,1.907,3,11.226,17.531
LG15.15,18.079,12.267,1.839,1.907,3,11.226,17.531
LG15.15,18.079,12.267,1.839,1.907,3,11.226,17.531
LG15.15,18.079,12.267,1.839,1.907,3,11.226,17.531
LG15.16,17.022,13.326,1.839,1.907,3,11.226,17.531
LG15.16,17.022,13.326,1.839,1.907,3,11.226,17.531
LG15.16,17.022,13.326,1.839,1.907,3,11.226,17.531
LG15.17,17.304,13.467,1.839,1.907,3,11.226,17.531
LG15.17,17.304,13.467,1.839,1.907,3,11.226,17.531
LG15.17,17.304,13.467,1.839,1.907,3,11.226,17.531
LG15.18,19.574,15.011,1.839,1.907,3,11.226,17.531
LG15.18,19.574,15.011,1.839,1.907,3,11.226,17.531
LG15.18,19.574,15.011,1.839,1.907,3,11.226,17.531
LG2,18.651,9.322,1.847,1.848,1,8.581,17.333
LG2,18.651,9.322,1.847,1.848,1,8.581,17.333
LG2,18.651,9.322,1.847,1.848,1,8.581,17.333
LG4,20.714,7.425,1.847,1.848,1,8.581,17.333
LG4,20.714,7.425,1.847,1.848,1,8.581,17.333
LG4,20.714,7.425,1.847,1.848,1,8.581,17.333
LG5,19.891,8.546,1.847,1.848,1,8.581,17.333
LG5,19.891,8.546,1.847,1.848,1,8.581,17.333
LG5,19.891,8.546,1.847,1.848,1,8.581,17.333
LG6,19.251,9.022,1.847,1.848,1,8.581,17.333
LG6,19.251,9.022,1.847,1.848,1,8.581,17.333
LG6,19.251,9.022,1.847,1.848,1,8.581,17.333
LG7,18.269,16.197,1.847,1.848,1,8.581,17.333
LG7,18.269,16.197,1.847,1.848,1,8.581,17.333
LG7,18.269,16.197,1.847,1.848,1,8.581,17.333
LG8,19.436,8.762,1.847,1.848,1,8.581,17.333
LG8,19.436,8.762,1.847,1.848,1,8.581,17.333
LG8,19.436,8.762,1.847,1.848,1,8.581,17.333
LP10,21.92,7.856,1.847,1.848,1,8.581,17.333
LP10,21.92,7.856,1.847,1.848,1,8.581,17.333
LP10,21.92,7.856,1.847,1.848,1,8.581,17.333
LP11,17.541,8.364,1.847,1.848,1,8.581,17.333
LP11,17.541,8.364,1.847,1.848,1,8.581,17.333
LP11,17.541,8.364,1.847,1.848,1,8.581,17.333
LP12,18.783,6.847,1.847,1.848,1,8.581,17.333
LP12,18.783,6.847,1.847,1.848,1,8.581,17.333
LP12,18.783,6.847,1.847,1.848,1,8.581,17.333
LP13,18.098,7.39,1.847,1.848,1,8.581,17.333
LP13,18.098,7.39,1.847,1.848,1,8.581,17.333
LP13,18.098,7.39,1.847,1.848,1,8.581,17.333
LP16,25.367,7.216,1.847,1.848,1,8.581,17.333
LP16,25.367,7.216,1.847,1.848,1,8.581,17.333
LP16,25.367,7.216,1.847,1.848,1,8.581,17.333
LP17,18.221,9.717,1.847,1.848,1,8.581,17.333
LP17,18.221,9.717,1.847,1.848,1,8.581,17.333
LP17,18.221,9.717,1.847,1.848,1,8.581,17.333
LP3,18.27,9.618,1.847,1.848,1,8.581,17.333
LP3,18.27,9.618,1.847,1.848,1,8.581,17.333
LP3,18.27,9.618,1.847,1.848,1,8.581,17.333
LP4,18.078,10.153,1.847,1.848,1,8.581,17.333
LP4,18.078,10.153,1.847,1.848,1,8.581,17.333
LP4,18.078,10.153,1.847,1.848,1,8.581,17.333
LP8,17.287,10.351,1.847,1.848,1,8.581,17.333
LP8,17.287,10.351,1.847,1.848,1,8.581,17.333
LP8,17.287,10.351,1.847,1.848,1,8.581,17.333
LP9,17.862,7.878,1.847,1.848,1,8.581,17.333
LP9,17.862,7.878,1.847,1.848,1,8.581,17.333
LP9,17.862,7.878,1.847,1.848,1,8.581,17.333
LR10,16.92,6.825,1.847,1.848,1,8.581,17.333
LR10,16.92,6.825,1.847,1.848,1,8.581,17.333
LR10,16.92,6.825,1.847,1.848,1,8.581,17.333
LR2,16.947,9.086,1.847,1.848,1,8.581,17.333
LR2,16.947,9.086,1.847,1.848,1,8.581,17.333
LR2,16.947,9.086,1.847,1.848,1,8.581,17.333
LR3,19.276,8.674,1.847,1.848,1,8.581,17.333
LR3,19.276,8.674,1.847,1.848,1,8.581,17.333
LR3,19.276,8.674,1.847,1.848,1,8.581,17.333
LR4,19.422,8.907,1.847,1.848,1,8.581,17.333
LR4,19.422,8.907,1.847,1.848,1,8.581,17.333
LR4,19.422,8.907,1.847,1.848,1,8.581,17.333
LR5,16.748,7.281,1.847,1.848,1,8.581,17.333
LR5,16.748,7.281,1.847,1.848,1,8.581,17.333
LR5,16.748,7.281,1.847,1.848,1,8.581,17.333
LR6,17.531,7.882,1.847,1.848,1,8.581,17.333
LR6,17.531,7.882,1.847,1.848,1,8.581,17.333
LR6,17.531,7.882,1.847,1.848,1,8.581,17.333
LR7,18.28,7.953,1.847,1.848,1,8.581,17.333
LR7,18.28,7.953,1.847,1.848,1,8.581,17.333
LR7,18.28,7.953,1.847,1.848,1,8.581,17.333
LR8,17.865,9.516,1.847,1.848,1,8.581,17.333
LR8,17.865,9.516,1.847,1.848,1,8.581,17.333
LR8,17.865,9.516,1.847,1.848,1,8.581,17.333
LR9,18.76,8.195,1.847,1.848,1,8.581,17.333
LR9,18.76,8.195,1.847,1.848,1,8.581,17.333
LR9,18.76,8.195,1.847,1.848,1,8.581,17.333
M1,20.747,12.928,1.847,1.848,1,8.581,17.333
M1,20.747,12.928,1.847,1.848,1,8.581,17.333
M1,20.747,12.928,1.847,1.848,1,8.581,17.333
M10,20.399,9.208,1.847,1.848,1,8.581,17.333
M10,20.399,9.208,1.847,1.848,1,8.581,17.333
M10,20.399,9.208,1.847,1.848,1,8.581,17.333
M11,18.861,10.069,1.847,1.848,1,8.581,17.333
M11,18.861,10.069,1.847,1.848,1,8.581,17.333
M11,18.861,10.069,1.847,1.848,1,8.581,17.333
M2,19.072,10.232,1.847,1.848,1,8.581,17.333
M2,19.072,10.232,1.847,1.848,1,8.581,17.333
M2,19.072,10.232,1.847,1.848,1,8.581,17.333
M3,18.728,8.634,1.847,1.848,1,8.581,17.333
M3,18.728,8.634,1.847,1.848,1,8.581,17.333
M3,18.728,8.634,1.847,1.848,1,8.581,17.333
M4,18.308,8.067,1.847,1.848,1,8.581,17.333
M4,18.308,8.067,1.847,1.848,1,8.581,17.333
M4,18.308,8.067,1.847,1.848,1,8.581,17.333
M5,18.845,9.944,1.847,1.848,1,8.581,17.333
M5,18.845,9.944,1.847,1.848,1,8.581,17.333
M5,18.845,9.944,1.847,1.848,1,8.581,17.333
M6,18.949,10.222,1.847,1.848,1,8.581,17.333
M6,18.949,10.222,1.847,1.848,1,8.581,17.333
M6,18.949,10.222,1.847,1.848,1,8.581,17.333
M7,18.448,8.135,1.847,1.848,1,8.581,17.333
M7,18.448,8.135,1.847,1.848,1,8.581,17.333
M7,18.448,8.135,1.847,1.848,1,8.581,17.333
M8,18.526,9.823,1.847,1.848,1,8.581,17.333
M8,18.526,9.823,1.847,1.848,1,8.581,17.333
M8,18.526,9.823,1.847,1.848,1,8.581,17.333
M9,22.216,10.882,1.847,1.848,1,8.581,17.333
M9,22.216,10.882,1.847,1.848,1,8.581,17.333
M9,22.216,10.882,1.847,1.848,1,8.581,17.333
ME01,19.634,14.024,1.843,1.906,2,11.724,17.977
ME01,19.634,14.024,1.843,1.906,2,11.724,17.977
ME01,19.634,14.024,1.843,1.906,2,11.724,17.977
ME02,20.24,13.548,1.843,1.906,2,11.724,17.977
ME02,20.24,13.548,1.843,1.906,2,11.724,17.977
ME02,20.24,13.548,1.843,1.906,2,11.724,17.977
ME03,17.81,11.078,1.843,1.906,2,11.724,17.977
ME03,17.81,11.078,1.843,1.906,2,11.724,17.977
ME03,17.81,11.078,1.843,1.906,2,11.724,17.977
P32.14,16.964,10.564,1.843,1.906,2,11.724,17.977
P32.14,16.964,10.564,1.843,1.906,2,11.724,17.977
P32.14,16.964,10.564,1.843,1.906,2,11.724,17.977
P32.16,16.032,10.424,1.843,1.906,2,11.724,17.977
P32.16,16.032,10.424,1.843,1.906,2,11.724,17.977
P32.16,16.032,10.424,1.843,1.906,2,11.724,17.977
P32.2,21.739,15.364,1.843,1.906,2,11.724,17.977
P32.2,21.739,15.364,1.843,1.906,2,11.724,17.977
P32.2,21.739,15.364,1.843,1.906,2,11.724,17.977
P32.3,17.087,12.51,1.843,1.906,2,11.724,17.977
P32.3,17.087,12.51,1.843,1.906,2,11.724,17.977
P32.3,17.087,12.51,1.843,1.906,2,11.724,17.977
P32.4,16.01,11.367,1.843,1.906,2,11.724,17.977
P32.4,16.01,11.367,1.843,1.906,2,11.724,17.977
P32.4,16.01,11.367,1.843,1.906,2,11.724,17.977
P32.6,17.394,13.291,1.843,1.906,2,11.724,17.977
P32.6,17.394,13.291,1.843,1.906,2,11.724,17.977
P32.6,17.394,13.291,1.843,1.906,2,11.724,17.977
PH2.11,16.728,12.12,1.843,1.906,2,11.724,17.977
PH2.11,16.728,12.12,1.843,1.906,2,11.724,17.977
PH2.11,16.728,12.12,1.843,1.906,2,11.724,17.977
PH2.12,18.185,13.105,1.843,1.906,2,11.724,17.977
PH2.12,18.185,13.105,1.843,1.906,2,11.724,17.977
PH2.12,18.185,13.105,1.843,1.906,2,11.724,17.977
PH2.16,17.494,11.983,1.843,1.906,2,11.724,17.977
PH2.16,17.494,11.983,1.843,1.906,2,11.724,17.977
PH2.16,17.494,11.983,1.843,1.906,2,11.724,17.977
PH2.23,18.393,13.075,1.843,1.906,2,11.724,17.977
PH2.23,18.393,13.075,1.843,1.906,2,11.724,17.977
PH2.23,18.393,13.075,1.843,1.906,2,11.724,17.977
PH2.24,16.81,12.196,1.843,1.906,2,11.724,17.977
PH2.24,16.81,12.196,1.843,1.906,2,11.724,17.977
PH2.24,16.81,12.196,1.843,1.906,2,11.724,17.977
PH2.30,17.5,12.591,1.843,1.906,2,11.724,17.977
PH2.30,17.5,12.591,1.843,1.906,2,11.724,17.977
PH2.30,17.5,12.591,1.843,1.906,2,11.724,17.977
PH3.27,18.238,12.041,1.839,1.907,3,11.226,17.531
PH3.27,18.238,12.041,1.839,1.907,3,11.226,17.531
PH3.27,18.238,12.041,1.839,1.907,3,11.226,17.531
PH3.28,19.676,12.866,1.839,1.907,3,11.226,17.531
PH3.28,19.676,12.866,1.839,1.907,3,11.226,17.531
PH3.28,19.676,12.866,1.839,1.907,3,11.226,17.531
PH3.29,18.581,12.8,1.839,1.907,3,11.226,17.531
PH3.29,18.581,12.8,1.839,1.907,3,11.226,17.531
PH3.29,18.581,12.8,1.839,1.907,3,11.226,17.531
PH3.30,18.862,13.55,1.839,1.907,3,11.226,17.531
PH3.30,18.862,13.55,1.839,1.907,3,11.226,17.531
PH3.30,18.862,13.55,1.839,1.907,3,11.226,17.531
PH3.31,17.005,11.527,1.839,1.907,3,11.226,17.531
PH3.31,17.005,11.527,1.839,1.907,3,11.226,17.531
PH3.31,17.005,11.527,1.839,1.907,3,11.226,17.531
PH3.34,18.356,13.694,1.839,1.907,3,11.226,17.531
PH3.34,18.356,13.694,1.839,1.907,3,11.226,17.531
PH3.34,18.356,13.694,1.839,1.907,3,11.226,17.531
TRE3,19.035,14.498,1.839,1.907,3,11.226,17.531
TRE3,19.035,14.498,1.839,1.907,3,11.226,17.531
TRE3,19.035,14.498,1.839,1.907,3,11.226,17.531
TRE4,19.466,15.393,1.839,1.907,3,11.226,17.531
TRE4,19.466,15.393,1.839,1.907,3,11.226,17.531
TRE4,19.466,15.393,1.839,1.907,3,11.226,17.531
TRE5,17.278,13.977,1.839,1.907,3,11.226,17.531
TRE5,17.278,13.977,1.839,1.907,3,11.226,17.531
TRE5,17.278,13.977,1.839,1.907,3,11.226,17.531
TRE6,17.729,14.902,1.839,1.907,3,11.226,17.531
TRE6,17.729,14.902,1.839,1.907,3,11.226,17.531
TRE6,17.729,14.902,1.839,1.907,3,11.226,17.531
TRE7,18.733,13.534,1.839,1.907,3,11.226,17.531
TRE7,18.733,13.534,1.839,1.907,3,11.226,17.531
TRE7,18.733,13.534,1.839,1.907,3,11.226,17.531
TRE9,18.914,15.098,1.839,1.907,3,11.226,17.531
TRE9,18.914,15.098,1.839,1.907,3,11.226,17.531
TRE9,18.914,15.098,1.839,1.907,3,11.226,17.531
TSE16,18.035,12.799,1.839,1.907,3,11.226,17.531
TSE16,18.035,12.799,1.839,1.907,3,11.226,17.531
TSE16,18.035,12.799,1.839,1.907,3,11.226,17.531
TSE17,18.053,10.127,1.839,1.907,3,11.226,17.531
TSE17,18.053,10.127,1.839,1.907,3,11.226,17.531
TSE17,18.053,10.127,1.839,1.907,3,11.226,17.531
TSE18,19.445,12.173,1.839,1.907,3,11.226,17.531
TSE18,19.445,12.173,1.839,1.907,3,11.226,17.531
TSE18,19.445,12.173,1.839,1.907,3,11.226,17.531
TSE19,21.601,14.839,1.839,1.907,3,11.226,17.531
TSE19,21.601,14.839,1.839,1.907,3,11.226,17.531
TSE19,21.601,14.839,1.839,1.907,3,11.226,17.531
TSE20,15.988,11.159,1.839,1.907,3,11.226,17.531
TSE20,15.988,11.159,1.839,1.907,3,11.226,17.531
TSE20,15.988,11.159,1.839,1.907,3,11.226,17.531
TSE22,17.573,10.942,1.839,1.907,3,11.226,17.531
TSE22,17.573,10.942,1.839,1.907,3,11.226,17.531
TSE22,17.573,10.942,1.839,1.907,3,11.226,17.531
V2,17.174,9.672,1.847,1.848,1,8.581,17.333
V2,17.174,9.672,1.847,1.848,1,8.581,17.333
V2,17.174,9.672,1.847,1.848,1,8.581,17.333
V2,19.502,11.447,1.847,1.848,1,8.581,17.333
V2,19.502,11.447,1.847,1.848,1,8.581,17.333
V2,19.502,11.447,1.847,1.848,1,8.581,17.333
V3,21.108,10.316,1.847,1.848,1,8.581,17.333
V3,21.108,10.316,1.847,1.848,1,8.581,17.333
V3,21.108,10.316,1.847,1.848,1,8.581,17.333
V4,18.054,9.565,1.847,1.848,1,8.581,17.333
V4,18.054,9.565,1.847,1.848,1,8.581,17.333
V4,18.054,9.565,1.847,1.848,1,8.581,17.333
V5,19.23,8.714,1.847,1.848,1,8.581,17.333
V5,19.23,8.714,1.847,1.848,1,8.581,17.333
V5,19.23,8.714,1.847,1.848,1,8.581,17.333
V6,18.444,10.9,1.847,1.848,1,8.581,17.333
V6,18.444,10.9,1.847,1.848,1,8.581,17.333
V6,18.444,10.9,1.847,1.848,1,8.581,17.333
V7,19.557,20.613,1.847,1.848,1,8.581,17.333
V7,19.557,20.613,1.847,1.848,1,8.581,17.333
V7,19.557,20.613,1.847,1.848,1,8.581,17.333
V8,19.1,11.13,1.847,1.848,1,8.581,17.333
V8,19.1,11.13,1.847,1.848,1,8.581,17.333
V8,19.1,11.13,1.847,1.848,1,8.581,17.333
VL13.10,17.815,12.697,1.843,1.906,2,11.724,17.977
VL13.10,17.815,12.697,1.843,1.906,2,11.724,17.977
VL13.10,17.815,12.697,1.843,1.906,2,11.724,17.977
VL13.11,17.398,10.189,1.843,1.906,2,11.724,17.977
VL13.11,17.398,10.189,1.843,1.906,2,11.724,17.977
VL13.11,17.398,10.189,1.843,1.906,2,11.724,17.977
VL13.12,17.391,12.354,1.843,1.906,2,11.724,17.977
VL13.12,17.391,12.354,1.843,1.906,2,11.724,17.977
VL13.12,17.391,12.354,1.843,1.906,2,11.724,17.977
VL13.13,16.674,14.914,1.843,1.906,2,11.724,17.977
VL13.13,16.674,14.914,1.843,1.906,2,11.724,17.977
VL13.13,16.674,14.914,1.843,1.906,2,11.724,17.977
VL13.14,18.006,12.599,1.843,1.906,2,11.724,17.977
VL13.14,18.006,12.599,1.843,1.906,2,11.724,17.977
VL13.14,18.006,12.599,1.843,1.906,2,11.724,17.977
VL13.15,17.924,11.393,1.843,1.906,2,11.724,17.977
VL13.15,17.924,11.393,1.843,1.906,2,11.724,17.977
VL13.15,17.924,11.393,1.843,1.906,2,11.724,17.977
VL16.14,20.325,10.427,1.843,1.906,2,11.724,17.977
VL16.14,20.325,10.427,1.843,1.906,2,11.724,17.977
VL16.14,20.325,10.427,1.843,1.906,2,11.724,17.977
