,Sample,scg,tel,eff.scg,eff.tel,plate,ref.tel,ref.scg,tel.cq,scg.cq,top,bottom,ratio,ratio2,mean,sd,zscore
26,24.1,21.036,13.972,1.843,1.906,2,11.724,17.977,-2.248,-3.059,0.234576082,0.154084162,1.522389323,1.522389323,1.640219047,2.430962925,-0.048399455
27,24.1,22.36,17.317,1.843,1.906,2,11.724,17.977,-5.593,-4.383,0.027118936,0.068580786,0.395430519,0.395430519,,,-0.512168511
28,24.13,27.83,18.964,1.843,1.906,2,11.724,17.977,-7.24,-9.853,0.009373682,0.002419797,3.873747943,3.873747943,,,0.919237837
29,24.2,22.379,17.23,1.843,1.906,2,11.724,17.977,-5.506,-4.402,0.028684239,0.067788726,0.423141731,0.423141731,,,-0.50076472
30,24.3,19.222,12.229,1.843,1.906,2,11.724,17.977,-0.505,-1.245,0.72200123,0.467111928,1.545670719,1.545670719,,,-0.038818634
31,24.6,21.925,16.897,1.843,1.906,2,11.724,17.977,-5.173,-3.948,0.03555693,0.08947588,0.397391232,0.397391232,,,-0.511361633
32,41.14,18.8,10.005,1.843,1.906,2,11.724,17.977,1.719,-0.823,3.030618421,0.604606273,5.012548752,5.012548752,,,1.387880145
33,41.141,17.964,11.958,1.843,1.906,2,11.724,17.977,-0.234,0.013,0.859906521,1.007979801,0.853098961,0.853098961,,,-0.323827588
34,41.142,17.472,8.862,1.843,1.906,2,11.724,17.977,2.862,0.505,6.334491084,1.36172777,4.651804291,4.651804291,,,1.239425634
35,41.143,17.322,9.534,1.843,1.906,2,11.724,17.977,2.19,0.655,4.106474619,1.49251634,2.751376657,2.751376657,,,0.457356649
36,41.144,15.663,11.688,1.843,1.906,2,11.724,17.977,0.036,2.314,1.023491934,4.115528615,0.248690273,0.248690273,,,-0.572555443
37,41.146,17.428,12.172,1.843,1.906,2,11.724,17.977,-0.448,0.549,0.749039883,1.398857285,0.535465548,0.535465548,,,-0.454540927
1,18.CR1,18.434,13.285,1.843,1.906,2,11.724,17.977,-1.561,-0.457,0.365366024,0.756231776,0.483140269,0.483140269,,,-0.476073963
2,18.CR12,18.612,13.154,1.843,1.906,2,11.724,17.977,-1.43,-0.635,0.397579752,0.678252514,0.586182496,0.586182496,,,-0.433669755
3,18.CR2,19.768,14.295,1.843,1.906,2,11.724,17.977,-2.571,-1.791,0.190460111,0.334536974,0.569324547,0.569324547,,,-0.440607182
4,18.CR4,19.329,14.088,1.843,1.906,2,11.724,17.977,-2.364,-1.352,0.217665437,0.437531924,0.497484697,0.497484697,,,-0.470170906
5,18.CR5,18.545,12.613,1.843,1.906,2,11.724,17.977,-0.889,-0.568,0.56359969,0.706612978,0.797607328,0.797607328,,,-0.346663651
6,21.CR1,19.043,10.477,1.843,1.906,2,11.724,17.977,1.247,-1.066,2.235183854,0.521134701,4.289071233,4.289071233,,,1.090152771
7,21.CR2,21.675,14.023,1.843,1.906,2,11.724,17.977,-2.299,-3.698,0.226985158,0.1042527,2.177259284,2.177259284,,,0.221094355
8,21.CR3,19.104,10.435,1.843,1.906,2,11.724,17.977,1.289,-1.127,2.296563263,0.502056908,4.57430866,4.57430866,,,1.207534428
9,21.CR5,17.981,10.869,1.843,1.906,2,11.724,17.977,0.855,-0.004,1.735821552,0.997557409,1.740071836,1.740071836,,,0.041181825
10,21.CR6,18.66,10.915,1.843,1.906,2,11.724,17.977,0.809,-0.683,1.685075728,0.658637109,2.558428163,2.558428163,,,0.377953976
11,21.CR7,19.09,11.256,1.843,1.906,2,11.724,17.977,0.468,-1.113,1.352376188,0.506372721,2.670712958,2.670712958,,,0.424161711
12,21.RQ1,19.347,12.021,1.839,1.907,3,11.226,17.531,-0.795,-1.816,0.598578618,0.330765024,1.809679302,1.809679302,,,0.069826873
13,21.RQ2,20.114,13.084,1.839,1.907,3,11.226,17.531,-1.858,-2.583,0.301375825,0.207293361,1.453861443,1.453861443,,,-0.076600229
14,21.RQ3,18.002,12.88,1.839,1.907,3,11.226,17.531,-1.654,-0.471,0.343795315,0.750554107,0.458055338,0.458055338,,,-0.48639698
15,21.RQ4,18.713,13.66,1.839,1.907,3,11.226,17.531,-2.434,-1.182,0.207790847,0.486703418,0.426935253,0.426935253,,,-0.4992036
16,21.RQ5,19.966,12.039,1.839,1.907,3,11.226,17.531,-0.813,-2.435,0.591663648,0.226852458,2.608142987,2.608142987,,,0.398412752
17,21.RQ6,21.674,16.073,1.839,1.907,3,11.226,17.531,-4.847,-4.143,0.043766336,0.080137889,0.546137874,0.546137874,,,-0.450149023
18,22.CT2,19.187,8.054,1.847,1.848,1,8.581,17.333,0.527,-1.854,1.382139684,0.320605063,4.311035118,4.311035118,,,1.099191407
19,22.CT3,17.122,8.908,1.847,1.848,1,8.581,17.333,-0.327,0.211,0.818066214,1.138215551,0.71872697,0.71872697,,,-0.379124704
20,22.CT4,18.925,7.446,1.847,1.848,1,8.581,17.333,1.135,-1.592,2.007736583,0.376517098,5.33239153,5.33239153,,,1.519502687
21,22.CT5,16.862,8.534,1.847,1.848,1,8.581,17.333,0.047,0.471,1.029283456,1.335075751,0.770955098,0.770955098,,,-0.357631647
22,22.CT6,19.32,7.887,1.847,1.848,1,8.581,17.333,0.694,-1.987,1.531408894,0.295481489,5.18275747,5.18275747,,,1.457924885
23,22.CT7,18.195,7.888,1.847,1.848,1,8.581,17.333,0.693,-0.862,1.530468738,0.589258066,2.597280931,2.597280931,,,0.39394277
24,22.CT8,17.763,9.298,1.847,1.848,1,8.581,17.333,-0.717,-0.43,0.64383516,0.7681026,0.838215051,0.838215051,,,-0.329952654
25,22.CT9,19.567,12.048,1.847,1.848,1,8.581,17.333,-3.467,-2.234,0.118944477,0.253929382,0.468415573,0.468415573,,,-0.482133509
38,BT1,18.586,10.703,1.847,1.848,1,8.581,17.333,-2.122,-1.253,0.271680474,0.463571769,0.586059144,0.586059144,,,-0.433720517
39,BT10,17.669,17.495,1.847,1.848,1,8.581,17.333,-8.914,-0.336,0.004193906,0.81370526,0.005154085,0.005154085,,,-0.672776097
40,BT14.12,17.704,13.272,1.839,1.907,3,11.226,17.531,-2.046,-0.173,0.266933132,0.899968608,0.296602714,0.296602714,,,-0.552838389
41,BT14.13,17.411,12.531,1.839,1.907,3,11.226,17.531,-1.305,0.12,0.430667744,1.075845252,0.400306404,0.400306404,,,-0.510161974
42,BT14.14,16.314,11.933,1.839,1.907,3,11.226,17.531,-0.707,1.217,0.633566287,2.09892038,0.301853416,0.301853416,,,-0.550677606
43,BT14.15,17.327,12.774,1.839,1.907,3,11.226,17.531,-1.548,0.204,0.368143492,1.132334326,0.325119078,0.325119078,,,-0.54110326
44,BT14.16,15.674,11.266,1.839,1.907,3,11.226,17.531,-0.04,1.857,0.974509265,3.099761438,0.314382021,0.314382021,,,-0.545521802
45,BT14.3,16.887,10.232,1.839,1.907,3,11.226,17.531,0.994,0.644,1.899628116,1.480439396,1.283151557,1.283151557,,,-0.146851211
46,BT16.3,31.1,18.413,1.839,1.907,3,11.226,17.531,-7.187,-13.569,0.009663169,0.000256975,37.60356786,,,,-0.674897119
47,BT2,19.161,10.351,1.847,1.848,1,8.581,17.333,-1.77,-1.828,0.337238787,0.325760569,1.035235136,1.035235136,,,-0.24887443
48,BT3,17.544,7.238,1.847,1.848,1,8.581,17.333,1.343,-0.211,2.281291286,0.878568211,2.596601218,2.596601218,,,0.393663053
49,BT4,17.496,6.473,1.847,1.848,1,8.581,17.333,2.108,-0.163,3.649284699,0.904827718,4.033126557,4.033126557,,,0.984825744
51,BT42.154,18.133,13.402,1.839,1.907,3,11.226,17.531,-2.176,-0.602,0.245446527,0.692981753,0.354189019,0.354189019,,,-0.529140321
52,BT42.155,17.286,10.699,1.839,1.907,3,11.226,17.531,0.527,0.245,1.405221595,1.16097408,1.21038154,1.21038154,,,-0.17679772
53,BT42.159,17.734,8.152,1.839,1.907,3,11.226,17.531,3.074,-0.203,7.274414277,0.883669588,8.23205231,8.23205231,,,2.712778728
54,BT42.161,17.852,12.054,1.839,1.907,3,11.226,17.531,-0.828,-0.321,0.585962234,0.822373799,0.712525417,0.712525417,,,-0.381676783
55,BT42.170,16.568,8.299,1.839,1.907,3,11.226,17.531,2.927,0.963,6.615862622,1.798010424,3.67954631,3.67954631,,,0.839319469
50,BT42.172,18.247,11.807,1.839,1.907,3,11.226,17.531,-0.581,-0.716,0.687252372,0.646486532,1.063057524,1.063057524,,,-0.237424887
56,BT5,18.723,9.475,1.847,1.848,1,8.581,17.333,-0.894,-1.39,0.577521879,0.426197615,1.35505657,1.35505657,,,-0.117260671
57,BT6,20.532,9.592,1.847,1.848,1,8.581,17.333,-1.011,-3.199,0.537482479,0.140466384,3.826413587,3.826413587,,,0.899758678
58,BT7,18.563,24.237,1.847,1.848,1,8.581,17.333,-15.656,-1.23,6.68E-05,0.470160044,0.000141993,0.000141993,,,-0.674838686
59,BT8,18.301,7.772,1.847,1.848,1,8.581,17.333,0.809,-0.968,1.643470418,0.552153774,2.976472305,2.976472305,,,0.549988603
60,BT9,16.849,9.47,1.847,1.848,1,8.581,17.333,-0.889,0.484,0.579297896,1.345767318,0.43045918,0.43045918,,,-0.497753424
61,CT10,19.832,8.692,1.847,1.848,1,8.581,17.333,-0.111,-2.499,0.934105828,0.215823747,4.328095683,4.328095683,,,1.106212215
62,CT10.10,16.847,12.177,1.839,1.907,3,11.226,17.531,-0.951,0.684,0.54123577,1.516959209,0.35678993,0.35678993,,,-0.528069988
63,CT10.11,18.861,12.973,1.839,1.907,3,11.226,17.531,-1.747,-1.33,0.323763092,0.444740111,0.727982667,0.727982667,,,-0.375315775
64,CT10.12,17.903,12.755,1.839,1.907,3,11.226,17.531,-1.529,-0.372,0.372686611,0.797215248,0.467485552,0.467485552,,,-0.482516234
65,CT10.13,18.089,12.558,1.839,1.907,3,11.226,17.531,-1.332,-0.558,0.423226523,0.711808869,0.594578884,0.594578884,,,-0.430214451
66,CT10.14,16.615,10.32,1.839,1.907,3,11.226,17.531,0.906,0.916,1.794724237,1.747257301,1.02716654,1.02716654,,,-0.252194839
67,CT10.15,15.688,11.726,1.839,1.907,3,11.226,17.531,-0.5,1.843,0.724143528,3.073435667,0.235613693,0.235613693,,,-0.577936752
68,CT2,20.204,11.465,1.839,1.907,3,11.226,17.531,-0.239,-2.673,0.857030315,0.196233449,4.367401778,4.367401778,,,1.122387563
69,CT3,20.209,11.863,1.839,1.907,3,11.226,17.531,-0.637,-2.678,0.662852057,0.19563661,3.388180038,3.388180038,,,0.719415654
70,CT4,17.042,13.099,1.839,1.907,3,11.226,17.531,-1.873,0.489,0.298471695,1.347039918,0.221575984,0.221575984,,,-0.583713587
71,CT5,18.317,10.098,1.839,1.907,3,11.226,17.531,1.128,-0.786,2.071264595,0.619496363,3.343465305,3.343465305,,,0.701014529
72,CT6,18.758,14.024,1.839,1.907,3,11.226,17.531,-2.798,-1.227,0.164277756,0.473541688,0.346912974,0.346912974,,,-0.532134578
73,CT7,19.82,12.008,1.839,1.907,3,11.226,17.531,-0.782,-2.289,0.60362297,0.247954744,2.43440783,2.43440783,,,0.326916803
74,EM12.13,18.536,13.201,1.843,1.906,2,11.724,17.977,-1.477,-0.559,0.385707854,0.71051187,0.542859128,0.542859128,,,-0.451498301
75,EM12.14,15.891,11.06,1.843,1.906,2,11.724,17.977,0.664,2.086,1.534622648,3.580023268,0.428662758,0.428662758,,,-0.498492692
76,EM12.15,16.232,11.867,1.843,1.906,2,11.724,17.977,-0.143,1.745,0.911889943,2.906308486,0.313762268,0.313762268,,,-0.545776844
77,EM12.16,17.031,12.137,1.843,1.906,2,11.724,17.977,-0.413,0.946,0.766141952,1.78314626,0.429657381,0.429657381,,,-0.498083382
78,EM12.7,16.525,10.003,1.843,1.906,2,11.724,17.977,1.721,1.452,3.034530483,2.429644799,1.248960541,1.248960541,,,-0.160921588
79,EM12.8,19.112,11.25,1.843,1.906,2,11.724,17.977,0.474,-1.135,1.35762008,0.499607264,2.717374579,2.717374579,,,0.443364024
80,EM39.101,19.619,12.431,1.843,1.906,2,11.724,17.977,-0.707,-1.642,0.633801281,0.366443818,1.729600144,1.729600144,,,0.036872487
81,EM39.102,17.665,14.069,1.843,1.906,2,11.724,17.977,-2.345,0.312,0.220349367,1.210163095,0.182082373,0.182082373,,,-0.599966102
82,EM39.103,18.572,15.202,1.843,1.906,2,11.724,17.977,-3.478,-0.595,0.106104198,0.695044203,0.152658201,0.152658201,,,-0.612074814
83,EM39.104,17.78,13.34,1.843,1.906,2,11.724,17.977,-1.616,0.197,0.35263174,1.127998419,0.312617228,0.312617228,,,-0.546248054
84,EM39.105,17.439,13.975,1.843,1.906,2,11.724,17.977,-2.251,0.538,0.234122612,1.389481057,0.16849644,0.16849644,,,-0.60555702
85,EM39.106,17.921,14.069,1.843,1.906,2,11.724,17.977,-2.345,0.056,0.220349367,1.034830973,0.212932714,0.212932714,,,-0.587270488
86,EP50.370,16.402,10.096,1.839,1.907,3,11.226,17.531,1.13,1.129,2.073940455,1.98935721,1.042517877,1.042517877,,,-0.245877417
87,EP50.371,16.187,10.284,1.839,1.907,3,11.226,17.531,0.942,1.344,1.836920466,2.267763934,0.810013969,0.810013969,,,-0.341558037
88,EP50.372,17.18,11.13,1.839,1.907,3,11.226,17.531,0.096,0.351,1.063931498,1.238420656,0.859103483,0.859103483,,,-0.321356592
89,EP50.373,16.701,12.462,1.839,1.907,3,11.226,17.531,-1.236,0.83,0.450284029,1.6580699,0.271571198,0.271571198,,,-0.563139425
90,EP50.374,18.225,11.912,1.839,1.907,3,11.226,17.531,-0.686,-0.694,0.642213491,0.655209642,0.980164896,0.980164896,,,-0.27153708
91,EP50.375,16.617,10.651,1.839,1.907,3,11.226,17.531,0.575,0.914,1.449444693,1.745129663,0.830565616,0.830565616,,,-0.33310057
92,EP6.35,18.74,13.745,1.843,1.906,2,11.724,17.977,-2.021,-0.763,0.271563643,0.627197284,0.432979622,0.432979622,,,-0.496716205
93,EP6.77,19.883,13.235,1.843,1.906,2,11.724,17.977,-1.511,-1.906,0.377341267,0.311823406,1.21011207,1.21011207,,,-0.176908613
94,EP6.78,26.286,18.12,1.843,1.906,2,11.724,17.977,-6.396,-8.309,0.016156004,0.006219421,2.597669921,2.597669921,,,0.394102848
95,EP6.79,25.066,17.354,1.843,1.906,2,11.724,17.977,-5.63,-7.089,0.026479397,0.013112663,2.019376022,2.019376022,,,0.15612182
96,EP6.80,21.82,14.723,1.843,1.906,2,11.724,17.977,-2.999,-3.843,0.144514503,0.095408295,1.514695368,1.514695368,,,-0.051565692
97,G1,19.33,8.316,1.847,1.848,1,8.581,17.333,0.265,-1.997,1.17672782,0.293674075,4.006917599,4.006917599,,,0.974040164
98,G10,18.252,7.066,1.847,1.848,1,8.581,17.333,1.515,-0.919,2.53544083,0.569006101,4.455911501,4.455911501,,,1.158811317
99,G11,18.95,8.208,1.847,1.848,1,8.581,17.333,0.373,-1.617,1.257418465,0.370785746,3.391226549,3.391226549,,,0.720669362
100,G2,20.96,12.665,1.847,1.848,1,8.581,17.333,-4.084,-3.627,0.081430887,0.108025073,0.753814691,0.753814691,,,-0.364685312
101,G4,18.227,9.84,1.847,1.848,1,8.581,17.333,-1.259,-0.894,0.461553686,0.577801408,0.798810249,0.798810249,,,-0.346168622
102,G5,20.145,8.882,1.847,1.848,1,8.581,17.333,-0.301,-2.812,0.831232869,0.178112783,4.666890574,4.666890574,,,1.245633981
103,G6,19.869,11.029,1.847,1.848,1,8.581,17.333,-2.448,-2.536,0.222389145,0.210979352,1.054080143,1.054080143,,,-0.241119283
104,G7,17.313,7.805,1.847,1.848,1,8.581,17.333,0.776,0.02,1.610499989,1.012346855,1.590857898,1.590857898,,,-0.020223087
105,G8,18.025,9.992,1.847,1.848,1,8.581,17.333,-1.411,-0.692,0.420420152,0.654040901,0.642804068,0.642804068,,,-0.410368696
106,G9,18.371,9.896,1.847,1.848,1,8.581,17.333,-1.315,-1.038,0.445950765,0.528941159,0.843100896,0.843100896,,,-0.327942018
107,GR11.1,18.272,10.449,1.843,1.906,2,11.724,17.977,1.275,-0.295,2.275918431,0.834968374,2.725754054,2.725754054,,,0.446812368
108,GR11.2,24.871,17.865,1.843,1.906,2,11.724,17.977,-6.141,-6.894,0.019044312,0.014772988,1.289130711,1.289130711,,,-0.144390654
109,GR11.3,17.636,10.706,1.843,1.906,2,11.724,17.977,1.018,0.341,1.928257852,1.231811174,1.565384283,1.565384283,,,-0.030706056
110,GR11.4,18.517,11.644,1.843,1.906,2,11.724,17.977,0.08,-0.54,1.05295505,0.718813656,1.464851205,1.464851205,,,-0.072077693
111,GR11.5,16.575,12.244,1.843,1.906,2,11.724,17.977,-0.52,1.402,0.715049478,2.356494986,0.303437725,0.303437725,,,-0.550025627
112,GR11.6,18.474,11.851,1.843,1.906,2,11.724,17.977,-0.127,-0.497,0.921349474,0.737961846,1.248505569,1.248505569,,,-0.161108819
113,GR40.121,16.096,12.633,1.843,1.906,2,11.724,17.977,-0.909,1.881,0.556375871,3.158298365,0.176163176,0.176163176,,,-0.602401985
114,GR40.122,18.461,14.52,1.843,1.906,2,11.724,17.977,-2.796,-0.484,0.164731397,0.743850634,0.221457628,0.221457628,,,-0.583762293
115,GR40.123,17.856,11.45,1.843,1.906,2,11.724,17.977,0.274,0.121,1.193311081,1.07678393,1.108217766,1.108217766,,,-0.218840426
116,GR40.124,18.153,14.51,1.843,1.906,2,11.724,17.977,-2.786,-0.176,0.16579736,0.897981813,0.184633316,0.184633316,,,-0.598916331
117,GR40.125,17.677,12.78,1.843,1.906,2,11.724,17.977,-1.056,0.3,0.506046262,1.201316938,0.421242926,0.421242926,,,-0.501546121
118,GR40.126,18.005,13.444,1.843,1.906,2,11.724,17.977,-1.72,-0.028,0.329752896,0.983026647,0.335446549,0.335446549,,,-0.536853272
119,IO29.1,14.865,11.807,1.839,1.907,3,11.226,17.531,-0.581,2.666,0.687252372,5.074285399,0.135438257,0.135438257,,,-0.619161211
120,IO29.11,16.618,11.981,1.839,1.907,3,11.226,17.531,-0.755,0.913,0.614235944,1.744066815,0.352186016,0.352186016,,,-0.529964602
121,IO29.2,15.913,11.64,1.839,1.907,3,11.226,17.531,-0.414,1.618,0.765481701,2.679743572,0.285654832,0.285654832,,,-0.55734369
122,IO29.3,16.78,10.903,1.839,1.907,3,11.226,17.531,0.323,0.751,1.231837083,1.580159326,0.779565113,0.779565113,,,-0.354088431
123,IO29.5,16.604,12.252,1.839,1.907,3,11.226,17.531,-1.026,0.927,0.515656135,1.759005766,0.293152044,0.293152044,,,-0.554258418
124,IO29.9,17.179,12.371,1.839,1.907,3,11.226,17.531,-1.145,0.352,0.477527576,1.239175358,0.385359161,0.385359161,,,-0.516313102
125,IO43.74,18.256,10.174,1.839,1.907,3,11.226,17.531,1.052,-0.725,1.972099982,0.642951548,3.067260648,3.067260648,,,0.587350061
126,IO43.75,16.589,11.1,1.839,1.907,3,11.226,17.531,0.126,0.942,1.084736334,1.77515381,0.61106611,0.61106611,,,-0.423429584
127,IO43.86,18.212,8.702,1.839,1.907,3,11.226,17.531,2.524,-0.681,5.100410713,0.660419431,7.722987054,7.722987054,,,2.503286854
128,IO43.87,18.124,10.847,1.839,1.907,3,11.226,17.531,0.379,-0.593,1.277182363,0.696791805,1.832946876,1.832946876,,,0.079402007
129,IO43.92,17.457,10.29,1.839,1.907,3,11.226,17.531,0.936,0.074,1.829819488,1.046114081,1.749158644,1.749158644,,,0.044921253
130,IO43.93,18.458,12.962,1.839,1.907,3,11.226,17.531,-1.736,-0.927,0.326070265,0.568502969,0.573559477,0.573559477,,,-0.438864413
131,LG1,19.09,10.389,1.847,1.848,1,8.581,17.333,-1.808,-1.757,0.329460114,0.340265302,0.968244813,0.968244813,,,-0.276442464
132,LG10,18.522,8.197,1.847,1.848,1,8.581,17.333,0.384,-1.189,1.265941261,0.482137444,2.625685428,2.625685428,,,0.405631863
133,LG13,18.983,7.862,1.847,1.848,1,8.581,17.333,0.719,-1.65,1.555101407,0.36335373,4.279855356,4.279855356,,,1.086360229
134,LG15,17.63,9.016,1.847,1.848,1,8.581,17.333,-0.435,-0.297,0.765569538,0.833411199,0.918597613,0.918597613,,,-0.29687341
135,LG15.13,17.951,10.74,1.839,1.907,3,11.226,17.531,0.486,-0.42,1.368517757,0.774240123,1.767562435,1.767562435,,,0.052494829
136,LG15.14,17.476,12.545,1.839,1.907,3,11.226,17.531,-1.319,0.055,0.426793146,1.034074896,0.412729433,0.412729433,,,-0.505049616
137,LG15.15,18.079,12.267,1.839,1.907,3,11.226,17.531,-1.041,-0.548,0.510687148,0.716158601,0.713092249,0.713092249,,,-0.381443519
138,LG15.16,17.022,13.326,1.839,1.907,3,11.226,17.531,-2.1,0.509,0.257788503,1.363553242,0.189056426,0.189056426,,,-0.597096121
139,LG15.17,17.304,13.467,1.839,1.907,3,11.226,17.531,-2.241,0.227,0.235360781,1.148312395,0.204962328,0.204962328,,,-0.590550482
140,LG15.18,19.574,15.011,1.839,1.907,3,11.226,17.531,-3.785,-2.043,0.086870561,0.28804446,0.301587335,0.301587335,,,-0.550787105
141,LG2,18.651,9.322,1.847,1.848,1,8.581,17.333,-0.741,-1.318,0.634415584,0.445447609,1.424220428,1.424220428,,,-0.088798178
142,LG4,20.714,7.425,1.847,1.848,1,8.581,17.333,1.156,-3.381,2.033796397,0.125624812,16.18944822,16.18944822,,,5.987427253
143,LG5,19.891,8.546,1.847,1.848,1,8.581,17.333,0.035,-2.558,1.021726291,0.208150607,4.908591459,4.908591459,,,1.345099366
144,LG6,19.251,9.022,1.847,1.848,1,8.581,17.333,-0.441,-1.918,0.762753892,0.308259518,2.474388782,2.474388782,,,0.343369869
145,LG7,18.269,16.197,1.847,1.848,1,8.581,17.333,-7.616,-0.936,0.009306745,0.563101891,0.01652764,0.01652764,,,-0.668095622
146,LG8,19.436,8.762,1.847,1.848,1,8.581,17.333,-0.181,-2.103,0.894801996,0.275182061,3.251672702,3.251672702,,,0.663239795
147,LP10,21.92,7.856,1.847,1.848,1,8.581,17.333,0.725,-4.587,1.56084194,0.059939946,26.04009566,26.04009566,,,10.04119163
148,LP11,17.541,8.364,1.847,1.848,1,8.581,17.333,0.217,-0.208,1.142547664,0.88018687,1.29807397,1.29807397,,,-0.140710301
149,LP12,18.783,6.847,1.847,1.848,1,8.581,17.333,1.734,-1.45,2.900422133,0.410792969,7.060544734,7.060544734,,,2.230676845
150,LP13,18.098,7.39,1.847,1.848,1,8.581,17.333,1.191,-0.765,2.07798325,0.625392725,3.322685357,3.322685357,,,0.69246311
151,LP16,25.367,7.216,1.847,1.848,1,8.581,17.333,1.365,-8.034,2.312321327,0.00723111,319.774054,,,,-0.674897119
152,LP17,18.221,9.717,1.847,1.848,1,8.581,17.333,-1.136,-0.888,0.497767532,0.579932432,0.858319874,0.858319874,,,-0.321679064
153,LP3,18.27,9.618,1.847,1.848,1,8.581,17.333,-1.037,-0.937,0.528968804,0.562756499,0.939960365,0.939960365,,,-0.288082154
154,LP4,18.078,10.153,1.847,1.848,1,8.581,17.333,-1.572,-0.745,0.380841711,0.633114358,0.601536999,0.601536999,,,-0.427351029
155,LP8,17.287,10.351,1.847,1.848,1,8.581,17.333,-1.77,0.046,0.337238787,1.028625952,0.327853664,0.327853664,,,-0.539977916
156,LP9,17.862,7.878,1.847,1.848,1,8.581,17.333,0.703,-0.529,1.539896326,0.722834732,2.130357406,2.130357406,,,0.201793171
157,LR10,16.92,6.825,1.847,1.848,1,8.581,17.333,1.756,0.413,2.93987357,1.288400331,2.281801315,2.281801315,,,0.264115767
158,LR2,16.947,9.086,1.847,1.848,1,8.581,17.333,-0.505,0.386,0.73335711,1.267232264,0.578707732,0.578707732,,,-0.436745789
159,LR3,19.276,8.674,1.847,1.848,1,8.581,17.333,-0.093,-1.943,0.944488593,0.303567184,3.111300043,3.111300043,,,0.605473269
160,LR4,19.422,8.907,1.847,1.848,1,8.581,17.333,-0.326,-2.089,0.818568746,0.277556023,2.949201889,2.949201889,,,0.538766209
161,LR5,16.748,7.281,1.847,1.848,1,8.581,17.333,1.3,0.585,2.221838853,1.431802558,1.551777402,1.551777402,,,-0.036305596
162,LR6,17.531,7.882,1.847,1.848,1,8.581,17.333,0.699,-0.198,1.536118342,0.88560397,1.734543198,1.734543198,,,0.038906666
163,LR7,18.28,7.953,1.847,1.848,1,8.581,17.333,0.628,-0.947,1.470580609,0.559314206,2.629256675,2.629256675,,,0.407101512
164,LR8,17.865,9.516,1.847,1.848,1,8.581,17.333,-0.935,-0.532,0.563162413,0.721505443,0.780537997,0.780537997,,,-0.353688067
165,LR9,18.76,8.195,1.847,1.848,1,8.581,17.333,0.386,-1.427,1.267497056,0.416631153,3.042252236,3.042252236,,,0.577058533
166,M1,20.747,12.928,1.847,1.848,1,8.581,17.333,-4.347,-3.414,0.069286169,0.123106793,0.562813532,0.562813532,,,-0.443286612
167,M10,20.399,9.208,1.847,1.848,1,8.581,17.333,-0.627,-3.066,0.680421247,0.152409662,4.464423322,4.464423322,,,1.162314124
168,M11,18.861,10.069,1.847,1.848,1,8.581,17.333,-1.488,-1.528,0.401002863,0.391596304,1.024021063,1.024021063,,,-0.253489275
169,M2,19.072,10.232,1.847,1.848,1,8.581,17.333,-1.651,-1.739,0.362806495,0.344044064,1.054534964,1.054534964,,,-0.240932113
170,M3,18.728,8.634,1.847,1.848,1,8.581,17.333,-0.053,-1.395,0.96797646,0.424892124,2.278169928,2.278169928,,,0.26262137
171,M4,18.308,8.067,1.847,1.848,1,8.581,17.333,0.514,-0.975,1.371149504,0.549787393,2.493963161,2.493963161,,,0.351425169
172,M5,18.845,9.944,1.847,1.848,1,8.581,17.333,-1.363,-1.512,0.432997331,0.395459537,1.094921957,1.094921957,,,-0.224311952
173,M6,18.949,10.222,1.847,1.848,1,8.581,17.333,-1.641,-1.616,0.365041359,0.371013316,0.983903658,0.983903658,,,-0.269998494
174,M7,18.448,8.135,1.847,1.848,1,8.581,17.333,0.446,-1.115,1.315070626,0.504532807,2.606511622,2.606511622,,,0.397741408
175,M8,18.526,9.823,1.847,1.848,1,8.581,17.333,-1.242,-1.193,0.466397439,0.480955609,0.969730741,0.969730741,,,-0.275830971
176,M9,22.216,10.882,1.847,1.848,1,8.581,17.333,-2.301,-4.883,0.243398991,0.049985282,4.869413154,4.869413154,,,1.328976607
177,ME01,19.634,14.024,1.843,1.906,2,11.724,17.977,-2.3,-1.657,0.226838799,0.363098554,0.624730658,0.624730658,,,-0.417806314
178,ME02,20.24,13.548,1.843,1.906,2,11.724,17.977,-1.824,-2.263,0.308358438,0.250677968,1.230097882,1.230097882,,,-0.168683999
179,ME03,17.81,11.078,1.843,1.906,2,11.724,17.977,0.646,0.167,1.516908521,1.10749744,1.36967226,1.36967226,,,-0.111245984
180,P32.14,16.964,10.564,1.843,1.906,2,11.724,17.977,1.16,1.013,2.113209526,1.857706773,1.137536643,1.137536643,,,-0.206775044
181,P32.16,16.032,10.424,1.843,1.906,2,11.724,17.977,1.3,1.945,2.312915493,3.284329922,0.704227513,0.704227513,,,-0.385091558
182,P32.2,21.739,15.364,1.843,1.906,2,11.724,17.977,-3.64,-3.762,0.095576838,0.100252149,0.953364483,0.953364483,,,-0.282566056
183,P32.3,17.087,12.51,1.843,1.906,2,11.724,17.977,-0.786,0.89,0.602314618,1.723128035,0.349547222,0.349547222,,,-0.531050526
184,P32.4,16.01,11.367,1.843,1.906,2,11.724,17.977,0.357,1.967,1.258936642,3.328804841,0.378194788,0.378194788,,,-0.519261404
185,P32.6,17.394,13.291,1.843,1.906,2,11.724,17.977,-1.567,0.583,0.363954775,1.428240258,0.254827416,0.254827416,,,-0.57002987
186,PH2.11,16.728,12.12,1.843,1.906,2,11.724,17.977,-0.396,1.249,0.774589014,2.146056461,0.36093599,0.36093599,,,-0.52636379
187,PH2.12,18.185,13.105,1.843,1.906,2,11.724,17.977,-1.381,-0.208,0.410346072,0.880583879,0.465993168,0.465993168,,,-0.483130383
188,PH2.16,17.494,11.983,1.843,1.906,2,11.724,17.977,-0.259,0.483,0.84615158,1.343534234,0.629795326,0.629795326,,,-0.415722088
189,PH2.23,18.393,13.075,1.843,1.906,2,11.724,17.977,-1.351,-0.416,0.418363673,0.775427967,0.539526159,0.539526159,,,-0.452869893
190,PH2.24,16.81,12.196,1.843,1.906,2,11.724,17.977,-0.472,1.167,0.73753391,2.041117782,0.361338242,0.361338242,,,-0.526198255
191,PH2.30,17.5,12.591,1.843,1.906,2,11.724,17.977,-0.867,0.477,0.571654266,1.338614685,0.427049152,0.427049152,,,-0.499156727
192,PH3.27,18.238,12.041,1.839,1.907,3,11.226,17.531,-0.815,-0.707,0.590900266,0.650040952,0.909020061,0.909020061,,,-0.30081479
193,PH3.28,19.676,12.866,1.839,1.907,3,11.226,17.531,-1.64,-2.145,0.346916426,0.270689987,1.281600513,1.281600513,,,-0.147489501
194,PH3.29,18.581,12.8,1.839,1.907,3,11.226,17.531,-1.574,-1.05,0.362016203,0.52745958,0.686339233,0.686339233,,,-0.392452991
195,PH3.30,18.862,13.55,1.839,1.907,3,11.226,17.531,-2.324,-1.331,0.223082236,0.444469248,0.501907021,0.501907021,,,-0.46835102
196,PH3.31,17.005,11.527,1.839,1.907,3,11.226,17.531,-0.301,0.526,0.823406785,1.377748635,0.597646598,0.597646598,,,-0.428952017
197,PH3.34,18.356,13.694,1.839,1.907,3,11.226,17.531,-2.468,-0.825,0.203279924,0.604950825,0.336027187,0.336027187,,,-0.536614326
198,TRE3,19.035,14.498,1.839,1.907,3,11.226,17.531,-3.272,-1.504,0.120974137,0.40000837,0.302429014,0.302429014,,,-0.550440735
199,TRE4,19.466,15.393,1.839,1.907,3,11.226,17.531,-4.167,-1.935,0.067885757,0.307634015,0.220670515,0.220670515,,,-0.584086208
200,TRE5,17.278,13.977,1.839,1.907,3,11.226,17.531,-2.751,0.253,0.169338319,1.166646218,0.145149674,0.145149674,,,-0.615164743
201,TRE6,17.729,14.902,1.839,1.907,3,11.226,17.531,-3.676,-0.198,0.093203206,0.886365447,0.10515212,0.10515212,,,-0.631624642
202,TRE7,18.733,13.534,1.839,1.907,3,11.226,17.531,-2.308,-1.202,0.225398281,0.480809192,0.46878946,0.46878946,,,-0.481979646
203,TRE9,18.914,15.098,1.839,1.907,3,11.226,17.531,-3.872,-1.383,0.082126273,0.430609363,0.190721058,0.190721058,,,-0.596411087
204,TSE16,18.035,12.799,1.839,1.907,3,11.226,17.531,-1.573,-0.504,0.362249971,0.735615393,0.492444795,0.492444795,,,-0.47224494
205,TSE17,18.053,10.127,1.839,1.907,3,11.226,17.531,1.099,-0.522,2.032850363,0.727592707,2.793939993,2.793939993,,,0.474872425
206,TSE18,19.445,12.173,1.839,1.907,3,11.226,17.531,-0.947,-1.914,0.542635114,0.311595065,1.741475318,1.741475318,,,0.04175939
207,TSE19,21.601,14.839,1.839,1.907,3,11.226,17.531,-3.613,-4.07,0.097071769,0.083782316,1.158618834,1.158618834,,,-0.198099245
208,TSE20,15.988,11.159,1.839,1.907,3,11.226,17.531,0.067,1.543,1.044199537,2.560056842,0.407881388,0.407881388,,,-0.507044696
209,TSE22,17.573,10.942,1.839,1.907,3,11.226,17.531,0.284,-0.042,1.201211819,0.97473726,1.232344211,1.232344211,,,-0.167759584
210,V2,18.338,10.5595,1.847,1.848,1,8.581,17.333,-1.9785,-1.005,0.341878044,0.683367418,0.557589229,0.557589229,,,-0.445436531
211,V3,21.108,10.316,1.847,1.848,1,8.581,17.333,-1.735,-3.775,0.344565735,0.098647815,3.492887659,3.492887659,,,0.762505209
212,V4,18.054,9.565,1.847,1.848,1,8.581,17.333,-0.984,-0.721,0.546468666,0.642506267,0.850526591,0.850526591,,,-0.324886176
213,V5,19.23,8.714,1.847,1.848,1,8.581,17.333,-0.133,-1.897,0.921570657,0.312257084,2.951320259,2.951320259,,,0.539637967
214,V6,18.444,10.9,1.847,1.848,1,8.581,17.333,-2.319,-1.111,0.240723306,0.505772578,0.475951675,0.475951675,,,-0.479032232
215,V7,19.557,20.613,1.847,1.848,1,8.581,17.333,-12.032,-2.224,0.000618076,0.255492187,0.002419158,0.002419158,,,-0.673901581
216,V8,19.1,11.13,1.847,1.848,1,8.581,17.333,-2.549,-1.767,0.20901463,0.338183953,0.618050114,0.618050114,,,-0.420555509
217,VL13.10,17.815,12.697,1.843,1.906,2,11.724,17.977,-0.973,0.162,0.533876029,1.104117019,0.483532108,0.483532108,,,-0.475912713
218,VL13.11,17.398,10.189,1.843,1.906,2,11.724,17.977,1.535,0.579,2.691464437,1.424751652,1.889076201,1.889076201,,,0.102500494
219,VL13.12,17.391,12.354,1.843,1.906,2,11.724,17.977,-0.63,0.586,0.666074144,1.430862317,0.465505406,0.465505406,,,-0.483331109
220,VL13.13,16.674,14.914,1.843,1.906,2,11.724,17.977,-3.19,1.303,0.127763841,2.218091777,0.057600791,0.057600791,,,-0.65119309
221,VL13.14,18.006,12.599,1.843,1.906,2,11.724,17.977,-0.875,-0.029,0.568712096,0.982425814,0.578885539,0.578885539,,,-0.436672618
222,VL13.15,17.924,11.393,1.843,1.906,2,11.724,17.977,0.331,0.053,1.238000097,1.032934642,1.198527038,1.198527038,,,-0.181676116
223,VL16.14,20.325,10.427,1.843,1.906,2,11.724,17.977,1.297,-2.348,2.308444281,0.237983317,9.70002567,,,,
