Year,SampleName,Env.type,locality_code,locality,elevation,max.temp,mean.temp,min.temp,RH.mean,wind.mean,sol_rad,TSKY.mean,sex,SVL,morphotype,tissue_type,zscore,ratio,Age,Age2,Total_Heatwaves,Total_Droughts
2012,,,,,,,,,,,,,,,,,,,,,2,4
2013,EP6.78,C,EP,El Pris,163,25.03,22.73,20.44,72.27,4.73,239.5,13.22,F,8.7,eisentrauti,blood,0.394102848,2.597669921,4.207,4.635417953,1,4
2013,EP6.79,C,EP,El Pris,163,25.03,22.73,20.44,72.27,4.73,239.5,13.22,F,9.6,eisentrauti,blood,0.15612182,2.019376022,4.747,5.827825663,1,4
2013,EP6.80,C,EP,El Pris,163,25.03,22.73,20.44,72.27,4.73,239.5,13.22,F,9.8,eisentrauti,blood,-0.051565692,1.514695368,4.867,6.104203543,1,4
2013,EP6.77,C,EP,El Pris,163,25.03,22.73,20.44,72.27,4.73,239.5,13.22,F,10,eisentrauti,blood,-0.176908613,1.21011207,4.987,6.382854659,1,4
2013,EP6.35,C,EP,El Pris,163,25.03,22.73,20.44,72.27,4.73,239.5,13.22,M,13.3,eisentrauti,blood,-0.496716205,0.432979622,6.967,10.53236152,1,4
2014,PH2.23,C,PH,Punta del Hidalgo,36,23.79,21.96,19.71,74.05,2.31,214.18,12.5,F,9.2,eisentrauti,blood,-0.452869893,0.539526159,4.507,5.285467798,1,1
2014,PH2.11,C,PH,Punta del Hidalgo,36,23.79,21.96,19.71,74.05,2.31,214.18,12.5,F,9.5,eisentrauti,blood,-0.52636379,0.36093599,4.687,5.690773542,1,1
2014,PH2.24,C,PH,Punta del Hidalgo,36,23.79,21.96,19.71,74.05,2.31,214.18,12.5,F,9.8,eisentrauti,blood,-0.526198255,0.361338242,4.867,6.104203543,1,1
2014,PH2.16,C,PH,Punta del Hidalgo,36,23.79,21.96,19.71,74.05,2.31,214.18,12.5,F,10.5,eisentrauti,blood,-0.415722088,0.629795326,5.287,7.083246018,1,1
2014,PH2.12,C,PH,Punta del Hidalgo,36,23.79,21.96,19.71,74.05,2.31,214.18,12.5,F,12,eisentrauti,blood,-0.483130383,0.465993168,6.187,9.089646513,1,1
2014,PH2.30,C,PH,Punta del Hidalgo,36,23.79,21.96,19.71,74.05,2.31,214.18,12.5,M,13.1,eisentrauti,blood,-0.499156727,0.427049152,6.847,10.33374717,1,1
2014,24.1,RA,RA,Roque de Anaga,26,23.8,22,20.06,73.8,4.55,235,12.54,F,,insulanagae,blood,-0.048399455,1.522389323,,,1,1
2014,24.13,RA,RA,Roque de Anaga,25,23.8,22,20.06,73.8,4.55,235,12.54,F,,insulanagae,blood,0.919237837,3.873747943,,,1,1
2014,24.1,RA,RA,Roque de Anaga,26,23.8,22,20.06,73.8,4.55,235,12.54,U,,insulanagae,blood,-0.512168511,0.395430519,,,1,1
2014,24.2,RA,RA,Roque de Anaga,27,23.8,22,20.06,73.8,4.55,235,12.54,U,,insulanagae,blood,-0.50076472,0.423141731,,,1,1
2014,24.3,RA,RA,Roque de Anaga,28,23.8,22,20.06,73.8,4.55,235,12.54,U,,insulanagae,blood,-0.038818634,1.545670719,,,1,1
2014,24.6,RA,RA,Roque de Anaga,29,23.8,22,20.06,73.8,4.55,235,12.54,U,,insulanagae,blood,-0.511361633,0.397391232,,,1,1
2015,,,,,,,,,,,,,,,,,,,,,15,3
2016,PH3.29,C,PH,Punta del Hidalgo,36,23.9,22.06,19.9,74.37,2.57,210.36,12.85,M,13,eisentrauti,blood,-0.392452991,0.686339233,6.787,10.23112331,10,15
2016,PH3.30,C,PH,Punta del Hidalgo,36,23.9,22.06,19.9,74.37,2.57,210.36,12.85,M,13.1,eisentrauti,blood,-0.46835102,0.501907021,6.847,10.33374717,10,15
2016,PH3.27,C,PH,Punta del Hidalgo,36,23.9,22.06,19.9,74.37,2.57,210.36,12.85,M,13.5,eisentrauti,blood,-0.30081479,0.909020061,7.087,10.72206723,10,15
2016,PH3.31,C,PH,Punta del Hidalgo,36,23.9,22.06,19.9,74.37,2.57,210.36,12.85,M,13.6,eisentrauti,blood,-0.428952017,0.597646598,7.147,10.81357071,10,15
2016,PH3.28,C,PH,Punta del Hidalgo,36,23.9,22.06,19.9,74.37,2.57,210.36,12.85,M,13.7,eisentrauti,blood,-0.147489501,1.281600513,7.207,10.90284439,10,15
2016,PH3.34,C,PH,Punta del Hidalgo,36,23.9,22.06,19.9,74.37,2.57,210.36,12.85,M,14,eisentrauti,blood,-0.536614326,0.336027187,7.387,11.1573718,10,15
2016,ME01,A,EM,El Medano,121,25.17,23.28,21.29,70.94,3.57,245.57,13.77,F,,galloti,blood,-0.417806314,0.624730658,,,10,15
2016,ME02,A,EM,El Medano,121,25.17,23.28,21.29,70.94,3.57,245.57,13.77,F,,galloti,blood,-0.168683999,1.230097882,,,10,15
2016,BT16.3,D,BT,Base of Teide,2309,15.65,13.3,11.17,100,1.6,234.91,2.5,M,,galloti,blood,-0.24887443,1.035235136,,,10,15
2016,ME03,A,EM,El Medano,121,25.17,23.28,21.29,70.94,3.57,245.57,13.77,M,,galloti,blood,-0.111245984,1.36967226,,,10,15
2016,VL16.14,B,VL,Vilaflor,1331,18.93,16.87,14.46,99.06,1.89,241.94,7.29,U,,galloti,blood,,,,,10,15
2017,CT10.10,D,CT,Cone of Teide,3551,10.49,7.83,5.35,100,2.18,228.75,0,U,6.4,galloti,blood,-0.528069988,0.35678993,2.827,2.264938979,21,15
2017,CT10.12,D,CT,Cone of Teide,3551,10.49,7.83,5.35,100,2.18,228.75,0,U,6.8,galloti,blood,-0.482516234,0.467485552,3.067,2.594658997,21,15
2017,CT10.15,D,CT,Cone of Teide,3551,10.49,7.83,5.35,100,2.18,228.75,0,F,7.6,galloti,blood,-0.577936752,0.235613693,3.547,3.360540448,21,15
2017,BT14.12,D,BT,Base of Teide,2309,15.85,13.36,11.2,99.99,1.56,238.77,2.6,F,8,galloti,blood,-0.510161974,0.400306404,3.787,3.796102681,21,15
2017,VL13.13,B,VL,Vilaflor,1331,20.25,17.86,15.83,97.48,2.06,249.72,8.43,F,8,galloti,blood,-0.65119309,0.057600791,3.787,3.796102681,21,15
2017,CT10.11,D,CT,Cone of Teide,3551,10.49,7.83,5.35,100,2.18,228.75,0,F,8.2,galloti,blood,-0.375315775,0.727982667,3.907,4.026366754,21,15
2017,VL13.11,B,VL,Vilaflor,1331,20.25,17.86,15.83,97.48,2.06,249.72,8.43,F,8.2,galloti,blood,0.102500494,1.889076201,3.907,4.026366754,21,15
2017,VL13.15,B,VL,Vilaflor,1331,20.25,17.86,15.83,97.48,2.06,249.72,8.43,F,8.2,galloti,blood,-0.181676116,1.198527038,3.907,4.026366754,21,15
2017,BT14.16,D,BT,Base of Teide,2309,15.85,13.36,11.2,99.99,1.56,238.77,2.6,F,8.3,galloti,blood,-0.146851211,1.283151557,3.967,4.144472585,21,15
2017,EM12.16,A,EM,El Medano,121,25.65,23.37,21.45,71.87,4.57,251.98,13.87,F,8.6,galloti,blood,-0.498083382,0.429657381,4.147,4.510030152,21,15
2017,GR11.6,A,GR,Granadilla,734,23.43,21.11,19.05,82.44,4.18,242.56,11.72,F,8.9,galloti,blood,-0.161108819,1.248505569,4.327,4.891063952,21,15
2017,EM12.8,A,EM,El Medano,121,25.65,23.37,21.45,71.87,4.57,251.98,13.87,M,9.6,galloti,blood,0.443364024,2.717374579,4.747,5.827825663,21,15
2017,VL13.10,B,VL,Vilaflor,1331,20.25,17.86,15.83,97.48,2.06,249.72,8.43,M,9.7,galloti,blood,-0.475912713,0.483532108,4.807,5.965673024,21,15
2017,GR11.2,A,GR,Granadilla,734,23.43,21.11,19.05,82.44,4.18,242.56,11.72,F,9.75,galloti,blood,-0.144390654,1.289130711,4.837,6.034859987,21,15
2017,BT14.13,D,BT,Base of Teide,2309,15.85,13.36,11.2,99.99,1.56,238.77,2.6,F,9.8,galloti,blood,-0.550677606,0.301853416,4.867,6.104203543,21,15
2017,GR11.3,A,GR,Granadilla,734,23.43,21.11,19.05,82.44,4.18,242.56,11.72,F,9.8,galloti,blood,-0.030706056,1.565384283,4.867,6.104203543,21,15
2017,CT10.13,D,CT,Cone of Teide,3551,10.49,7.83,5.35,100,2.18,228.75,0,M,9.8,galloti,blood,-0.430214451,0.594578884,4.867,6.104203543,21,15
2017,VL13.14,B,VL,Vilaflor,1331,20.25,17.86,15.83,97.48,2.06,249.72,8.43,M,10,galloti,blood,-0.436672618,0.578885539,4.987,6.382854659,21,15
2017,CT10.14,D,CT,Cone of Teide,3551,10.49,7.83,5.35,100,2.18,228.75,0,M,10.1,galloti,blood,-0.252194839,1.02716654,5.047,6.522741145,21,15
2017,BT14.3,D,BT,Base of Teide,2309,15.14,13.01,10.68,100,1.57,235.15,2.23,M,10.4,galloti,blood,,,5.227,6.94321577,21,15
2017,EM12.15,A,EM,El Medano,121,25.65,23.37,21.45,71.87,4.57,251.98,13.87,F,10.5,galloti,blood,-0.545776844,0.313762268,5.287,7.083246018,21,15
2017,EM12.7,A,EM,El Medano,121,25.65,23.37,21.45,71.87,4.57,251.98,13.87,M,10.8,galloti,blood,-0.160921588,1.248960541,5.467,7.501283371,21,15
2017,VL13.12,B,VL,Vilaflor,1331,20.25,17.86,15.83,97.48,2.06,249.72,8.43,M,10.8,galloti,blood,-0.483331109,0.465505406,5.467,7.501283371,21,15
2017,BT14.15,D,BT,Base of Teide,2309,15.85,13.36,11.2,99.99,1.56,238.77,2.6,M,11,galloti,blood,-0.545521802,0.314382021,5.587,7.777096805,21,15
2017,BT14.14,D,BT,Base of Teide,2309,15.85,13.36,11.2,99.99,1.56,238.77,2.6,U,,galloti,blood,-0.54110326,0.325119078,,,21,15
2017,EM12.13,A,EM,El Medano,121,25.65,23.37,21.45,71.87,4.57,251.98,13.87,U,,galloti,blood,-0.451498301,0.542859128,,,21,15
2017,EM12.14,A,EM,El Medano,121,25.65,23.37,21.45,71.87,4.57,251.98,13.87,U,,galloti,blood,-0.498492692,0.428662758,,,21,15
2017,GR11.1,A,GR,Granadilla,734,23.43,21.11,19.05,82.44,4.18,242.56,11.72,U,,galloti,blood,0.446812368,2.725754054,,,21,15
2017,GR11.4,A,GR,Granadilla,734,23.43,21.11,19.05,82.44,4.18,242.56,11.72,U,,galloti,blood,-0.072077693,1.464851205,,,21,15
2017,GR11.5,A,GR,Granadilla,734,23.43,21.11,19.05,82.44,4.18,242.56,11.72,U,,galloti,blood,-0.550025627,0.303437725,,,21,15
2017,LG15.13,C,LG,La Guancha,265,24.85,22.55,20.23,75.57,4.72,225.54,13.09,U,,eisentrauti,blood,0.052494829,1.767562435,,,21,15
2017,LG15.14,C,LG,La Guancha,265,24.85,22.55,20.23,75.57,4.72,225.54,13.09,U,,eisentrauti,blood,-0.505049616,0.412729433,,,21,15
2017,LG15.15,C,LG,La Guancha,265,24.85,22.55,20.23,75.57,4.72,225.54,13.09,U,,eisentrauti,blood,-0.381443519,0.713092249,,,21,15
2017,LG15.16,C,LG,La Guancha,265,24.85,22.55,20.23,75.57,4.72,225.54,13.09,U,,eisentrauti,blood,-0.597096121,0.189056426,,,21,15
2017,LG15.17,C,LG,La Guancha,265,24.85,22.55,20.23,75.57,4.72,225.54,13.09,U,,eisentrauti,blood,-0.590550482,0.204962328,,,21,15
2017,LG15.18,C,LG,La Guancha,265,24.85,22.55,20.23,75.57,4.72,225.54,13.09,U,,eisentrauti,blood,-0.550787105,0.301587335,,,21,15
2018,TSE18,D,TSE,Teide Slope,2729,12.9,10.49,7.52,100,2.52,228.18,0,F,8.2,galloti,tail,0.04175939,1.741475318,3.907,4.026366754,5,12
2018,TSE17,D,TSE,Teide Slope,2729,12.9,10.49,7.52,100,2.52,228.18,0,F,8.5,galloti,tail,0.474872425,2.793939993,4.087,4.386365202,5,12
2018,TRE7,D,TRE,Teide Refuge,2935,11.95,9.5,9.5,100,1.22,208.59,0,F,9.2,galloti,tail,-0.481979646,0.46878946,4.507,5.285467798,5,12
2018,P32.3,A,PA,Poris de Abona,127,24.52,22.45,20.48,72.51,4.99,242.73,12.87,M,9.2,galloti,blood,-0.531050526,0.349547222,4.507,5.285467798,5,12
2018,TSE19,D,TSE,Teide Slope,2729,12.9,10.49,7.52,100,2.52,228.18,0,F,9.3,galloti,tail,-0.198099245,1.158618834,4.567,5.419489796,5,12
2018,TSE20,D,TSE,Teide Slope,2729,12.9,10.49,7.52,100,2.52,228.18,0,F,9.4,galloti,tail,-0.507044696,0.407881388,4.627,5.554626099,5,12
2018,TSE22,D,TSE,Teide Slope,2729,12.9,10.49,7.52,100,2.52,228.18,0,F,9.4,galloti,tail,-0.167759584,1.232344211,4.627,5.554626099,5,12
2018,IO29.3,D,IO,Izana Observatory,2331,14.66,12.31,9.94,100,2.08,242.93,1.37,F,9.6,galloti,blood,-0.354088431,0.779565113,4.747,5.827825663,5,12
2018,P32.14,A,PA,Poris de Abona,127,24.52,22.45,20.48,72.51,4.99,242.73,12.87,M,9.6,galloti,blood,-0.206775044,1.137536643,4.747,5.827825663,5,12
2018,P32.6,A,PA,Poris de Abona,127,24.52,22.45,20.48,72.51,4.99,242.73,12.87,M,9.6,galloti,blood,-0.57002987,0.254827416,4.747,5.827825663,5,12
2018,IO29.1,D,IO,Izana Observatory,2331,14.66,12.31,9.94,100,2.08,242.93,1.37,M,10,galloti,blood,-0.619161211,0.135438257,4.987,6.382854659,5,12
2018,18.CR12,B,CR,Cruz de Tea,981,20.67,18.49,16.23,92.19,1.56,237.73,9.09,M,10.4,galloti,tail,-0.433669755,0.586182496,5.227,6.94321577,5,12
2018,IO29.9,D,IO,Izana Observatory,2331,14.66,12.31,9.94,100,2.08,242.93,1.37,F,10.6,galloti,blood,-0.516313102,0.385359161,5.347,7.223012854,5,12
2018,TRE3,D,TRE,Teide Refuge,2935,11.95,9.5,9.5,100,1.22,208.59,0,F,10.8,galloti,tail,-0.550440735,0.302429014,5.467,7.501283371,5,12
2018,TRE9,D,TRE,Teide Refuge,2935,11.95,9.5,9.5,100,1.22,208.59,0,F,10.8,galloti,tail,-0.596411087,0.190721058,5.467,7.501283371,5,12
2018,TSE16,D,TSE,Teide Slope,2729,12.9,10.49,7.52,100,2.52,228.18,0,F,10.8,galloti,tail,-0.47224494,0.492444795,5.467,7.501283371,5,12
2018,18.CR2,B,CR,Cruz de Tea,983,20.67,18.49,16.23,92.19,1.56,237.73,9.09,M,10.9,galloti,tail,-0.440607182,0.569324547,5.527,7.639554231,5,12
2018,18.CR5,B,CR,Cruz de Tea,985,20.67,18.49,16.23,92.19,1.56,237.73,9.09,M,11,galloti,tail,-0.346663651,0.797607328,5.587,7.777096805,5,12
2018,18.CR4,B,CR,Cruz de Tea,984,20.67,18.49,16.23,92.19,1.56,237.73,9.09,M,11.1,galloti,tail,-0.470170906,0.497484697,5.647,7.913800028,5,12
2018,P32.4,A,PA,Poris de Abona,127,24.52,22.45,20.48,72.51,4.99,242.73,12.87,M,11.2,galloti,blood,-0.519261404,0.378194788,5.707,8.049555613,5,12
2018,TRE4,D,TRE,Teide Refuge,2935,11.95,9.5,9.5,100,1.22,208.59,0,F,11.4,galloti,tail,-0.584086208,0.220670515,5.827,8.317806562,5,12
2018,18.CR1,B,CR,Cruz de Tea,982,20.67,18.49,16.23,92.19,1.56,237.73,9.09,M,11.4,galloti,tail,-0.476073963,0.483140269,5.827,8.317806562,5,12
2018,IO29.11,D,IO,Izana Observatory,2331,14.66,12.31,9.94,100,2.08,242.93,1.37,M,11.5,galloti,blood,-0.529964602,0.352186016,5.887,8.450102087,5,12
2018,IO29.2,D,IO,Izana Observatory,2331,14.66,12.31,9.94,100,2.08,242.93,1.37,M,11.7,galloti,blood,-0.55734369,0.285654832,6.007,8.71056289,5,12
2018,IO29.5,D,IO,Izana Observatory,2331,14.66,12.31,9.94,100,2.08,242.93,1.37,M,11.9,galloti,blood,-0.554258418,0.293152044,6.127,8.964939325,5,12
2018,P32.16,A,PA,Poris de Abona,127,24.52,22.45,20.48,72.51,4.99,242.73,12.87,M,11.9,galloti,blood,-0.385091558,0.704227513,6.127,8.964939325,5,12
2018,P32.2,A,PA,Poris de Abona,127,24.52,22.45,20.48,72.51,4.99,242.73,12.87,M,11.9,galloti,blood,-0.282566056,0.953364483,6.127,8.964939325,5,12
2018,TRE6,D,TRE,Teide Refuge,2935,11.95,9.5,9.5,100,1.22,208.59,0,F,12,galloti,tail,-0.631624642,0.10515212,6.187,9.089646513,5,12
2018,TRE5,D,TRE,Teide Refuge,2935,11.95,9.5,9.5,100,1.22,208.59,0,M,12.6,galloti,tail,-0.615164743,0.145149674,6.547,9.79897323,5,12
2019,,,,,,,,,,,,,,,,,,,,,3,14
2020,,,,,,,,,,,,,,,,,,,,,14,10
2021,EP50.375,C,EP,El Pris,36,25.22,22.79,20.67,72.77,5.2,240.84,13.14,U,6.7,eisentrauti,blood,-0.33310057,0.830565616,3.007,2.508937337,3,11
2021,CT2,D,CT,Cone of Teide,3551,10.27,7.36,4.95,100,2.22,228.98,0,U,7.1,galloti,tail,1.122387563,4.367401778,3.247,2.865159366,3,11
2021,21.RQ1,D,RQ,Recibo quemado,1907,17.49,14.81,12.56,99.99,5.33,234.42,4.45,F,7.4,galloti,tail,0.069826873,1.809679302,3.427,3.155736887,3,11
2021,GR40.123,A,GR,Granadilla,734,23.24,20.76,18.77,82.35,4.57,242.83,11.21,F,7.4,galloti,blood,-0.218840426,1.108217766,3.427,3.155736887,3,11
2021,CT3,D,CT,Cone of Teide,3551,10.27,7.36,4.95,100,2.22,228.98,0,F,7.5,galloti,tail,0.719415654,3.388180038,3.487,3.257038414,3,11
2021,21.RQ5,D,RQ,Recibo quemado,1907,17.49,14.81,12.56,99.99,5.33,234.42,4.45,U,8,galloti,tail,0.398412752,2.608142987,3.787,3.796102681,3,11
2021,21.RQ6,D,RQ,Recibo quemado,1907,17.49,14.81,12.56,99.99,5.33,234.42,4.45,U,8,galloti,tail,-0.450149023,0.546137874,3.787,3.796102681,3,11
2021,41.141,B,VL,Vilaflor,1331,23.24,20.75,18.77,82.35,4.57,242.83,11.21,F,8.1,galloti,blood,-0.323827588,0.853098961,3.847,3.910227367,3,11
2021,21.RQ2,D,RQ,Recibo quemado,1907,17.49,14.81,12.56,99.99,5.33,234.42,4.45,U,8.1,galloti,tail,-0.076600229,1.453861443,3.847,3.910227367,3,11
2021,21.CR2,B,CR,Cruz de Tea,987,21.51,18.96,16.81,91.7,1.49,242.3,9.5,F,8.2,galloti,tail,0.221094355,2.177259284,3.907,4.026366754,3,11
2021,41.143,B,VL,Vilaflor,1331,23.24,20.75,18.77,82.35,4.57,242.83,11.21,F,8.5,galloti,blood,0.457356649,2.751376657,4.087,4.386365202,3,11
2021,21.CR3,B,CR,Cruz de Tea,988,21.51,18.96,16.81,91.7,1.49,242.3,9.5,F,8.5,galloti,tail,1.207534428,4.57430866,4.087,4.386365202,3,11
2021,CT4,D,CT,Cone of Teide,3551,10.27,7.36,4.95,100,2.22,228.98,0,M,8.5,galloti,tail,-0.583713587,0.221575984,4.087,4.386365202,3,11
2021,CT5,D,CT,Cone of Teide,3551,10.27,7.36,4.95,100,2.22,228.98,0,F,8.7,galloti,tail,0.701014529,3.343465305,4.207,4.635417953,3,11
2021,41.142,B,VL,Vilaflor,1331,23.24,20.75,18.77,82.35,4.57,242.83,11.21,F,8.8,galloti,blood,1.239425634,4.651804291,4.267,4.762455267,3,11
2021,21.CR5,B,CR,Cruz de Tea,989,21.51,18.96,16.81,91.7,1.49,242.3,9.5,M,8.8,galloti,tail,0.041181825,1.740071836,4.267,4.762455267,3,11
2021,BT42.155,D,BT,Base of Teide,2309,15.65,12.94,10.76,100,1.5,239.04,1.94,M,8.8,galloti,blood,,,4.267,4.762455267,3,11
2021,BT42.170,D,BT,Base of Teide,2309,15.65,12.94,10.76,100,1.5,239.04,1.94,F,8.9,galloti,blood,-0.237424887,1.063057524,4.327,4.891063952,3,11
2021,EM39.101,A,EM,El Medano,121,25.44,23.03,21.15,71.69,4.96,252.29,13.37,F,8.9,galloti,blood,0.036872487,1.729600144,4.327,4.891063952,3,11
2021,21.CR1,B,CR,Cruz de Tea,986,21.51,18.96,16.81,91.7,1.49,242.3,9.5,F,9.1,galloti,tail,1.090152771,4.289071233,4.447,5.15265969,3,11
2021,21.CR7,B,CR,Cruz de Tea,991,21.51,18.96,16.81,91.7,1.49,242.3,9.5,F,9.1,galloti,tail,0.424161711,2.670712958,4.447,5.15265969,3,11
2021,41.14,B,VL,Vilaflor,1331,23.24,20.75,18.77,82.35,4.57,242.83,11.21,F,9.2,galloti,blood,,,4.507,5.285467798,3,11
2021,BT42.159,D,BT,Base of Teide,2309,15.65,12.94,10.76,100,1.5,239.04,1.94,F,9.2,galloti,blood,-0.381676783,0.712525417,4.507,5.285467798,3,11
2021,IO43.174,D,IO,Izana Observatory,2331,15.57,12.85,10.67,100,1.99,247.43,1.83,F,9.3,galloti,blood,0.587350061,3.067260648,4.567,5.419489796,3,11
2021,IO43.193,D,IO,Izana Observatory,2331,15.57,12.85,10.67,100,1.99,247.43,1.83,M,9.4,galloti,blood,-0.438864413,0.573559477,4.627,5.554626099,3,11
2021,CT6,D,CT,Cone of Teide,3551,10.27,7.36,4.95,100,2.22,228.98,0,M,9.5,galloti,tail,-0.532134578,0.346912974,4.687,5.690773542,3,11
2021,EP50.373,C,EP,El Pris,36,25.22,22.79,20.67,72.77,5.2,240.84,13.14,M,9.5,eisentrauti,blood,-0.563139425,0.271571198,4.687,5.690773542,3,11
2021,CT7,D,CT,Cone of Teide,3551,10.27,7.36,4.95,100,2.22,228.98,0,F,9.7,galloti,tail,0.326916803,2.43440783,4.807,5.965673024,3,11
2021,IO43.186,D,IO,Izana Observatory,2331,15.57,12.85,10.67,100,1.99,247.43,1.83,F,9.9,galloti,blood,,,4.927,6.243302851,3,11
2021,21.CR6,B,CR,Cruz de Tea,990,21.51,18.96,16.81,91.7,1.49,242.3,9.5,F,10,galloti,tail,0.377953976,2.558428163,4.987,6.382854659,3,11
2021,EP50.371,C,EP,El Pris,36,25.22,22.79,20.67,72.77,5.2,240.84,13.14,F,10.1,eisentrauti,blood,-0.341558037,0.810013969,5.047,6.522741145,3,11
2021,EP50.372,C,EP,El Pris,36,25.22,22.79,20.67,72.77,5.2,240.84,13.14,F,10.2,eisentrauti,blood,-0.321356592,0.859103483,5.107,6.662843347,3,11
2021,IO43.192,D,IO,Izana Observatory,2331,15.57,12.85,10.67,100,1.99,247.43,1.83,F,10.2,galloti,blood,0.044921253,1.749158644,5.107,6.662843347,3,11
2021,EM39.105,A,EM,El Medano,121,25.44,23.03,21.15,71.69,4.96,252.29,13.37,M,10.2,galloti,blood,-0.60555702,0.16849644,5.107,6.662843347,3,11
2021,EM39.106,A,EM,El Medano,121,25.44,23.03,21.15,71.69,4.96,252.29,13.37,M,10.2,galloti,blood,-0.587270488,0.212932714,5.107,6.662843347,3,11
2021,GR40.125,A,GR,Granadilla,734,23.24,20.76,18.77,82.35,4.57,242.83,11.21,M,10.3,galloti,blood,-0.501546121,0.421242926,5.167,6.803041565,3,11
2021,EM39.103,A,EM,El Medano,121,25.44,23.03,21.15,71.69,4.96,252.29,13.37,M,10.4,galloti,blood,-0.612074814,0.152658201,5.227,6.94321577,3,11
2021,EP50.370,C,EP,El Pris,36,25.22,22.79,20.67,72.77,5.2,240.84,13.14,F,10.5,eisentrauti,blood,-0.245877417,1.042517877,5.287,7.083246018,3,11
2021,41.144,B,VL,Vilaflor,1331,23.24,20.75,18.77,82.35,4.57,242.83,11.21,M,10.5,galloti,blood,-0.572555443,0.248690273,5.287,7.083246018,3,11
2021,EM39.102,A,EM,El Medano,121,25.44,23.03,21.15,71.69,4.96,252.29,13.37,M,10.7,galloti,blood,-0.599966102,0.182082373,5.407,7.362397723,3,11
2021,EM39.104,A,EM,El Medano,121,25.44,23.03,21.15,71.69,4.96,252.29,13.37,M,10.8,galloti,blood,-0.546248054,0.312617228,5.467,7.501283371,3,11
2021,BT42.154,D,BT,Base of Teide,2309,15.65,12.94,10.76,100,1.5,239.04,1.94,M,10.9,galloti,blood,-0.17679772,1.21038154,5.527,7.639554231,3,11
2021,GR40.121,A,GR,Granadilla,734,23.24,20.76,18.77,82.35,4.57,242.83,11.21,M,11,galloti,blood,-0.602401985,0.176163176,5.587,7.777096805,3,11
2021,21.RQ3,D,RQ,Recibo quemado,1907,17.49,14.81,12.56,99.99,5.33,234.42,4.45,U,11,galloti,tail,-0.48639698,0.458055338,5.587,7.777096805,3,11
2021,BT42.161,D,BT,Base of Teide,2309,15.65,12.94,10.76,100,1.5,239.04,1.94,M,11.1,galloti,blood,0.839319469,3.67954631,5.647,7.913800028,3,11
2021,21.RQ4,D,RQ,Recibo quemado,1907,17.49,14.81,12.56,99.99,5.33,234.42,4.45,U,11.1,galloti,tail,-0.4992036,0.426935253,5.647,7.913800028,3,11
2021,BT42.172,D,BT,Base of Teide,2309,15.65,13.3,11.17,100,1.6,234.91,2.5,M,11.5,galloti,blood,-0.117260671,1.35505657,5.887,8.450102087,3,11
2021,GR40.126,A,GR,Granadilla,734,23.24,20.76,18.77,82.35,4.57,242.83,11.21,M,11.5,galloti,blood,-0.536853272,0.335446549,5.887,8.450102087,3,11
2021,41.146,B,VL,Vilaflor,1331,23.24,20.75,18.77,82.35,4.57,242.83,11.21,M,11.6,galloti,blood,-0.454540927,0.535465548,5.947,8.581050839,3,11
2021,GR40.122,A,GR,Granadilla,734,23.24,20.76,18.77,82.35,4.57,242.83,11.21,M,12,galloti,blood,-0.583762293,0.221457628,6.187,9.089646513,3,11
2021,IO43.187,D,IO,Izana Observatory,2331,15.57,12.85,10.67,100,1.99,247.43,1.83,M,12,galloti,blood,0.079402007,1.832946876,6.187,9.089646513,3,11
2021,GR40.124,A,GR,Granadilla,734,23.24,20.76,18.77,82.35,4.57,242.83,11.21,M,12.2,galloti,blood,-0.598916331,0.184633316,6.307,9.333741996,3,11
2021,IO43.175,D,IO,Izana Observatory,2331,15.57,12.85,10.67,100,1.99,247.43,1.83,M,12.4,galloti,blood,-0.423429584,0.61106611,6.427,9.57032779,3,11
2022,LP13,C,LP,Llanito Perera,488,23.7,21.51,19.44,80.4,5.01,226.36,12.09,U,6.5,eisentrauti,tail,0.69246311,3.322685357,2.887,2.344093976,13,8
2022,V4,B,VL,Vilaflor,1331,19.4,17.11,14.73,99.1,1.87,241.37,7.5,F,6.7,galloti,tail,-0.324886176,0.850526591,3.007,2.508937337,13,8
2022,V8,B,VL,Vilaflor,1331,19.4,17.11,14.73,99.1,1.87,241.37,7.5,U,6.8,galloti,tail,-0.420555509,0.618050114,3.067,2.594658997,13,8
2022,22.CT10,D,CT,Cone of Teide,3551,10.16,7.65,5.22,100,3.77,239,0,F,7.4,galloti,tail,1.099191407,4.311035118,3.427,3.155736887,13,8
2022,BT9,D,CT,Cone of Teide,3551,10.16,7.65,5.22,100,3.77,239,0,F,7.4,galloti,tail,1.106212215,4.328095683,3.427,3.155736887,13,8
2022,LP12,C,LP,Llanito Perera,488,23.7,21.51,19.44,80.4,5.01,226.36,12.09,F,7.5,eisentrauti,tail,,,3.487,3.257038414,13,8
2022,22.CT5,D,CT,Cone of Teide,3551,10.16,7.65,5.22,100,3.77,239,0,F,7.6,galloti,tail,,,3.547,3.360540448,13,8
2022,LP11,C,LP,Llanito Perera,488,23.7,21.51,19.44,80.4,5.01,226.36,12.09,F,7.7,eisentrauti,tail,-0.140710301,1.29807397,3.607,3.466223945,13,8
2022,BT10,D,BT,Base of Teide,2309,15.85,13.36,11.2,99.99,1.56,238.77,2.6,F,7.8,galloti,tail,-0.552838389,0.296602714,3.667,3.574065235,13,8
2022,LR8,C,LR,Los Realejo,161,25.13,22.95,20.62,65.66,3.94,236.99,13.45,M,7.8,eisentrauti,tail,-0.353688067,0.780537997,3.667,3.574065235,13,8
2022,BT1,D,BT,Base of Teide,2309,15.65,13.3,11.17,100,1.6,234.91,2.5,F,7.9,galloti,tail,-0.672776097,0.005154085,3.727,3.684035902,13,8
2022,BT2,D,BT,Base of Teide,2309,15.65,13.3,11.17,100,1.6,234.91,2.5,F,7.9,galloti,tail,0.393663053,2.596601218,3.727,3.684035902,13,8
2022,LR9,C,LR,Los Realejo,161,25.13,22.95,20.62,65.66,3.94,236.99,13.45,M,7.9,eisentrauti,tail,0.577058533,3.042252236,3.727,3.684035902,13,8
2022,V3,B,VL,Vilaflor,1331,19.4,17.11,14.73,99.1,1.87,241.37,7.5,F,8,galloti,tail,0.762505209,3.492887659,3.787,3.796102681,13,8
2022,22.CT2,D,CT,Cone of Teide,3551,10.16,7.65,5.22,100,3.77,239,0,M,8,galloti,tail,-0.379124704,0.71872697,3.787,3.796102681,13,8
2022,LP17,C,LP,Llanito Perera,488,23.7,21.51,19.44,80.4,5.01,226.36,12.09,M,8,eisentrauti,tail,-0.321679064,0.858319874,3.787,3.796102681,13,8
2022,22.CT9,D,BT,Base of Teide,2309,15.65,13.3,11.17,100,1.6,234.91,2.5,F,8.2,galloti,tail,-0.433720517,0.586059144,3.907,4.026366754,13,8
2022,G5,A,GR,Granadilla,734,22.6,20.4,18.46,86,1.4,237.4,11.03,F,8.2,galloti,tail,1.245633981,4.666890574,3.907,4.026366754,13,8
2022,22.CT4,D,CT,Cone of Teide,3551,10.16,7.65,5.22,100,3.77,239,0,F,8.3,galloti,tail,-0.357631647,0.770955098,3.967,4.144472585,13,8
2022,LP10,C,LP,Llanito Perera,488,23.7,21.51,19.44,80.4,5.01,226.36,12.09,F,8.4,eisentrauti,tail,,,4.027,4.264491534,13,8
2022,V5,B,VL,Vilaflor,1331,19.4,17.11,14.73,99.1,1.87,241.37,7.5,M,8.4,galloti,tail,0.539637967,2.951320259,4.027,4.264491534,13,8
2022,22.CT6,D,CT,Cone of Teide,3551,10.16,7.65,5.22,100,3.77,239,0,F,8.6,galloti,tail,0.39394277,2.597280931,4.147,4.510030152,13,8
2022,BT5,D,BT,Base of Teide,2309,15.65,13.3,11.17,100,1.6,234.91,2.5,F,8.6,galloti,tail,0.899758678,3.826413587,4.147,4.510030152,13,8
2022,LR5,C,LR,Los Realejo,161,25.13,22.95,20.62,65.66,3.94,236.99,13.45,F,8.6,eisentrauti,tail,-0.036305596,1.551777402,4.147,4.510030152,13,8
2022,BT3,D,BT,Base of Teide,2309,15.65,13.3,11.17,100,1.6,234.91,2.5,F,8.7,galloti,tail,0.984825744,4.033126557,4.207,4.635417953,13,8
2022,M10,A,EM,El Medano,121,25.36,23.2,21.31,72.64,4,246.8,13.68,F,8.8,galloti,tail,1.162314124,4.464423322,4.267,4.762455267,13,8
2022,LG6,C,LG,La Guancha,277,24.64,22.45,20.23,75.9,5.15,221.86,12.97,U,8.8,eisentrauti,tail,0.343369869,2.474388782,4.267,4.762455267,13,8
2022,LR6,C,LR,Los Realejo,161,25.13,22.95,20.62,65.66,3.94,236.99,13.45,F,8.9,eisentrauti,tail,0.038906666,1.734543198,4.327,4.891063952,13,8
2022,22.CT7,D,CT,Cone of Teide,3551,10.16,7.65,5.22,100,3.77,239,0,M,8.9,galloti,tail,-0.329952654,0.838215051,4.327,4.891063952,13,8
2022,BT7,D,BT,Base of Teide,2309,15.65,13.3,11.17,100,1.6,234.91,2.5,F,9,galloti,tail,0.549988603,2.976472305,4.387,5.021161198,13,8
2022,G9,A,GR,Granadilla,734,22.6,20.4,18.46,86,1.4,237.4,11.03,F,9.1,galloti,tail,-0.327942018,0.843100896,4.447,5.15265969,13,8
2022,LR3,C,LR,Los Realejo,161,25.13,22.95,20.62,65.66,3.94,236.99,13.45,F,9.1,eisentrauti,tail,0.605473269,3.111300043,4.447,5.15265969,13,8
2022,LG2,C,LG,La Guancha,277,24.64,22.45,20.23,75.9,5.15,221.86,12.97,M,9.1,eisentrauti,tail,-0.088798178,1.424220428,4.447,5.15265969,13,8
2022,LR4,C,LR,Los Realejo,161,25.13,22.95,20.62,65.66,3.94,236.99,13.45,F,9.2,eisentrauti,tail,0.538766209,2.949201889,4.507,5.285467798,13,8
2022,LP9,C,LP,Llanito Perera,488,23.7,21.51,19.44,80.4,5.01,226.36,12.09,M,9.2,eisentrauti,tail,0.201793171,2.130357406,4.507,5.285467798,13,8
2022,M3,A,EM,El Medano,121,25.36,23.2,21.31,72.64,4,246.8,13.68,F,9.3,galloti,tail,0.26262137,2.278169928,4.567,5.419489796,13,8
2022,V7,B,VL,Vilaflor,1331,19.4,17.11,14.73,99.1,1.87,241.37,7.5,M,9.3,galloti,tail,-0.673901581,0.002419158,4.567,5.419489796,13,8
2022,BT8,D,BT,Base of Teide,2309,15.65,13.3,11.17,100,1.6,234.91,2.5,F,9.4,galloti,tail,-0.497753424,0.43045918,4.627,5.554626099,13,8
2022,LP4,C,LP,Llanito Perera,488,23.7,21.51,19.44,80.4,5.01,226.36,12.09,M,9.4,eisentrauti,tail,-0.427351029,0.601536999,4.627,5.554626099,13,8
2022,LG15,C,LG,La Guancha,277,24.64,22.45,20.23,75.9,5.15,221.86,12.97,F,9.5,eisentrauti,tail,-0.29687341,0.918597613,4.687,5.690773542,13,8
2022,LR7,C,LR,Los Realejo,161,25.13,22.95,20.62,65.66,3.94,236.99,13.45,F,9.5,eisentrauti,tail,0.407101512,2.629256675,4.687,5.690773542,13,8
2022,LR10,C,LR,Los Realejo,161,25.13,22.95,20.62,65.66,3.94,236.99,13.45,M,9.5,eisentrauti,tail,0.264115767,2.281801315,4.687,5.690773542,13,8
2022,M11,A,EM,El Medano,121,25.36,23.2,21.31,72.64,4,246.8,13.68,M,9.5,galloti,tail,-0.253489275,1.024021063,4.687,5.690773542,13,8
2022,G7,A,GR,Granadilla,734,22.6,20.4,18.46,86,1.4,237.4,11.03,F,9.6,galloti,tail,-0.020223087,1.590857898,4.747,5.827825663,13,8
2022,M4,A,EM,El Medano,121,25.36,23.2,21.31,72.64,4,246.8,13.68,F,9.7,galloti,tail,0.351425169,2.493963161,4.807,5.965673024,13,8
2022,M7,A,EM,El Medano,121,25.36,23.2,21.31,72.64,4,246.8,13.68,F,9.7,galloti,tail,0.397741408,2.606511622,4.807,5.965673024,13,8
2022,G1,A,GR,Granadilla,734,22.6,20.4,18.46,86,1.4,237.4,11.03,M,9.7,galloti,tail,0.974040164,4.006917599,4.807,5.965673024,13,8
2022,G11,A,GR,Granadilla,734,22.6,20.4,18.46,86,1.4,237.4,11.03,M,9.7,galloti,tail,0.720669362,3.391226549,4.807,5.965673024,13,8
2022,LP16,C,LP,Llanito Perera,488,23.7,21.51,19.44,80.4,5.01,226.36,12.09,M,9.7,eisentrauti,tail,,,4.807,5.965673024,13,8
2022,LG5,C,LG,La Guancha,277,24.64,22.45,20.23,75.9,5.15,221.86,12.97,U,9.8,eisentrauti,tail,,,4.867,6.104203543,13,8
2022,LG10,C,LG,La Guancha,277,24.64,22.45,20.23,75.9,5.15,221.86,12.97,F,10,eisentrauti,tail,0.405631863,2.625685428,4.987,6.382854659,13,8
2022,V2,B,VL,Vilaflor,1331,19.4,17.11,14.73,99.1,1.87,241.37,7.5,M,10,galloti,tail,-0.445436531,0.557589229,4.987,6.382854659,13,8
2022,M9,A,EM,El Medano,121,25.36,23.2,21.31,72.64,4,246.8,13.68,F,10.1,galloti,tail,-0.275830971,0.969730741,5.047,6.522741145,13,8
2022,G8,A,GR,Granadilla,734,22.6,20.4,18.46,86,1.4,237.4,11.03,M,10.1,galloti,tail,-0.410368696,0.642804068,5.047,6.522741145,13,8
2022,LG8,C,LG,La Guancha,277,24.64,22.45,20.23,75.9,5.15,221.86,12.97,M,10.1,eisentrauti,tail,0.663239795,3.251672702,5.047,6.522741145,13,8
2022,LG4,C,LG,La Guancha,277,24.64,22.45,20.23,75.9,5.15,221.86,12.97,U,10.1,eisentrauti,tail,,,5.047,6.522741145,13,8
2022,LR2,C,LR,Los Realejo,161,25.13,22.95,20.62,65.66,3.94,236.99,13.45,M,10.2,eisentrauti,tail,-0.436745789,0.578707732,5.107,6.662843347,13,8
2022,M5,A,EM,El Medano,121,25.36,23.2,21.31,72.64,4,246.8,13.68,M,10.2,galloti,tail,-0.224311952,1.094921957,5.107,6.662843347,13,8
2022,M8,A,EM,El Medano,121,25.36,23.2,21.31,72.64,4,246.8,13.68,M,10.2,galloti,tail,-0.275830971,0.969730741,5.107,6.662843347,13,8
2022,22.CT3,D,CT,Cone of Teide,3551,10.16,7.65,5.22,100,3.77,239,0,M,10.3,galloti,tail,,,5.167,6.803041565,13,8
2022,BT4,D,BT,Base of Teide,2309,15.65,12.94,10.76,100,1.5,239.04,1.94,M,10.3,galloti,tail,-0.529140321,0.354189019,5.167,6.803041565,13,8
2022,22.CT8,D,CT,Cone of Teide,3551,10.16,7.65,5.22,100,3.77,239,0,M,10.5,galloti,tail,-0.482133509,0.468415573,5.287,7.083246018,13,8
2022,M1,A,EM,El Medano,121,25.36,23.2,21.31,72.64,4,246.8,13.68,M,10.5,galloti,tail,-0.443286612,0.562813532,5.287,7.083246018,13,8
2022,V6,B,VL,Vilaflor,1331,19.4,17.11,14.73,99.1,1.87,241.37,7.5,M,10.5,galloti,tail,-0.479032232,0.475951675,5.287,7.083246018,13,8
2022,G2,A,GR,Granadilla,734,22.6,20.4,18.46,86,1.4,237.4,11.03,M,10.6,galloti,tail,-0.364685312,0.753814691,5.347,7.223012854,13,8
2022,BT6,D,BT,Base of Teide,2309,15.65,13.3,11.17,100,1.6,234.91,2.5,M,11,galloti,tail,-0.674838686,0.000141993,5.587,7.777096805,13,8
2022,G4,A,GR,Granadilla,734,22.6,20.4,18.46,86,1.4,237.4,11.03,M,11,galloti,tail,-0.346168622,0.798810249,5.587,7.777096805,13,8
2022,M2,A,EM,El Medano,121,25.36,23.2,21.31,72.64,4,246.8,13.68,M,11,galloti,tail,-0.240932113,1.054534964,5.587,7.777096805,13,8
2022,M6,A,EM,El Medano,121,25.36,23.2,21.31,72.64,4,246.8,13.68,M,11,galloti,tail,-0.269998494,0.983903658,5.587,7.777096805,13,8
2022,G6,A,GR,Granadilla,734,22.6,20.4,18.46,86,1.4,237.4,11.03,M,11.5,galloti,tail,-0.241119283,1.054080143,5.887,8.450102087,13,8
2022,LG13,C,LG,La Guancha,277,24.64,22.45,20.23,75.9,5.15,221.86,12.97,M,11.6,eisentrauti,tail,1.086360229,4.279855356,5.947,8.581050839,13,8
2022,LP3,C,LP,Llanito Perera,488,23.7,21.51,19.44,80.4,5.01,226.36,12.09,M,11.7,eisentrauti,tail,-0.288082154,0.939960365,6.007,8.71056289,13,8
2022,LG1,C,LG,La Guancha,277,24.64,22.45,20.23,75.9,5.15,221.86,12.97,M,12.1,eisentrauti,tail,-0.276442464,0.968244813,6.247,9.212602884,13,8
2022,LG7,C,LG,La Guancha,277,24.64,22.45,20.23,75.9,5.15,221.86,12.97,M,12.1,eisentrauti,tail,-0.668095622,0.01652764,6.247,9.212602884,13,8
2022,LP8,C,LP,Llanito Perera,488,23.7,21.51,19.44,80.4,5.01,226.36,12.09,M,12.3,eisentrauti,tail,-0.539977916,0.327853664,6.367,9.453002421,13,8
2022,G10,A,GR,Granadilla,734,22.6,20.4,18.46,86,1.4,237.4,11.03,U,,galloti,tail,1.158811317,4.455911501,,,13,8
